year,capture.loc,date,total.fish,age,species,sex
1985,6,8/3/1985,2,1.1,coho,female
1985,6,8/3/1985,5,1.1,coho,male
1985,6,8/3/1985,9,2.1,coho,female
1985,6,8/3/1985,39,2.1,coho,male
1985,6,8/3/1985,1,3.1,coho,female
1985,6,8/3/1985,3,3.1,coho,male
1985,6,8/6/1985,1,1.1,coho,female
1985,6,8/6/1985,2,1.1,coho,male
1985,6,8/6/1985,12,2.1,coho,female
1985,6,8/6/1985,23,2.1,coho,male
1985,6,8/6/1985,1,3.1,coho,male
1985,6,8/7/1985,2,1.1,coho,female
1985,6,8/7/1985,5,1.1,coho,male
1985,6,8/7/1985,22,2.1,coho,female
1985,6,8/7/1985,21,2.1,coho,male
1985,6,8/7/1985,3,3.1,coho,female
1985,6,8/7/1985,2,3.1,coho,male
1985,6,8/13/1985,11,1.1,coho,female
1985,6,8/13/1985,12,1.1,coho,male
1985,6,8/13/1985,27,2.1,coho,female
1985,6,8/13/1985,38,2.1,coho,male
1985,6,8/13/1985,1,3.1,coho,female
1985,6,8/13/1985,2,3.1,coho,male
1986,6,8/1/1986,2,2.1,coho,female
1986,6,8/1/1986,35,2.1,coho,male
1986,6,8/1/1986,3,3.1,coho,male
1986,6,8/5/1986,1,1.1,coho,female
1986,6,8/5/1986,19,2.1,coho,female
1986,6,8/5/1986,21,2.1,coho,male
1986,6,8/5/1986,2,3.1,coho,female
1986,6,8/5/1986,2,3.1,coho,male
1986,6,8/8/1986,23,2.1,coho,female
1986,6,8/8/1986,28,2.1,coho,male
1986,6,8/8/1986,1,3.1,coho,female
1986,6,8/8/1986,1,3.1,coho,male
1986,6,8/12/1986,14,2.1,coho,female
1986,6,8/12/1986,14,2.1,coho,male
1986,6,8/15/1986,13,2.1,coho,female
1986,6,8/15/1986,13,2.1,coho,male
1986,6,8/15/1986,2,3.1,coho,female
1986,6,8/22/1986,11,2.1,coho,female
1986,6,8/22/1986,15,2.1,coho,male
1986,6,8/22/1986,2,3.1,coho,female
1986,6,8/22/1986,1,3.1,coho,male
1987,6,7/28/1987,1,1.1,coho,female
1987,6,7/28/1987,6,2.1,coho,female
1987,6,7/28/1987,23,2.1,coho,male
1987,6,7/28/1987,3,3.1,coho,female
1987,6,7/28/1987,9,3.1,coho,male
1987,6,8/8/1987,1,1.1,coho,female
1987,6,8/8/1987,20,2.1,coho,female
1987,6,8/8/1987,31,2.1,coho,male
1987,6,8/8/1987,9,3.1,coho,female
1987,6,8/8/1987,9,3.1,coho,male
1987,6,8/11/1987,1,1.1,coho,female
1987,6,8/11/1987,3,1.1,coho,male
1987,6,8/11/1987,13,2.1,coho,female
1987,6,8/11/1987,18,2.1,coho,male
1987,6,8/11/1987,18,3.1,coho,female
1987,6,8/11/1987,6,3.1,coho,male
1987,6,8/15/1987,2,1.1,coho,male
1987,6,8/15/1987,20,2.1,coho,female
1987,6,8/15/1987,14,2.1,coho,male
1987,6,8/15/1987,10,3.1,coho,female
1987,6,8/15/1987,3,3.1,coho,male
1987,6,8/19/1987,4,1.1,coho,female
1987,6,8/19/1987,2,1.1,coho,male
1987,6,8/19/1987,17,2.1,coho,female
1987,6,8/19/1987,5,2.1,coho,male
1987,6,8/19/1987,4,3.1,coho,female
1987,6,8/19/1987,2,3.1,coho,male
1987,6,8/28/1987,7,1.1,coho,female
1987,6,8/28/1987,2,1.1,coho,male
1987,6,8/28/1987,6,2.1,coho,female
1987,6,8/28/1987,5,2.1,coho,male
1987,6,8/28/1987,1,3.1,coho,female
1987,6,8/28/1987,2,3.1,coho,male
1988,6,7/29/1988,7,2.1,coho,female
1988,6,7/29/1988,25,2.1,coho,male
1988,6,7/29/1988,1,3.1,coho,female
1988,6,7/29/1988,2,3.1,coho,male
1988,6,8/2/1988,19,2.1,coho,female
1988,6,8/2/1988,28,2.1,coho,male
1988,6,8/2/1988,3,3.1,coho,female
1988,6,8/6/1988,25,2.1,coho,female
1988,6,8/6/1988,23,2.1,coho,male
1988,6,8/6/1988,2,3.1,coho,female
1988,6,8/6/1988,4,3.1,coho,male
1988,6,8/10/1988,28,2.1,coho,female
1988,6,8/10/1988,25,2.1,coho,male
1988,6,8/10/1988,1,3.1,coho,male
1988,6,8/13/1988,24,2.1,coho,female
1988,6,8/13/1988,28,2.1,coho,male
1988,6,8/13/1988,2,3.1,coho,female
1988,6,8/13/1988,1,3.1,coho,male
1989,6,7/26/1989,11,2.1,coho,female
1989,6,7/26/1989,20,2.1,coho,male
1989,6,7/26/1989,1,3.1,coho,male
1989,6,8/2/1989,23,2.1,coho,female
1989,6,8/2/1989,27,2.1,coho,male
1989,6,8/2/1989,4,3.1,coho,female
1989,6,8/5/1989,29,2.1,coho,female
1989,6,8/5/1989,32,2.1,coho,male
1989,6,8/5/1989,4,3.1,coho,female
1989,6,8/5/1989,5,3.1,coho,male
1990,6,7/27/1990,20,2.1,coho,female
1990,6,7/27/1990,17,2.1,coho,male
1990,6,7/31/1990,1,1.2,coho,male
1990,6,7/31/1990,16,2.1,coho,female
1990,6,7/31/1990,18,2.1,coho,male
1990,6,8/3/1990,17,2.1,coho,female
1990,6,8/3/1990,20,2.1,coho,male
1990,6,8/7/1990,1,1.1,coho,female
1990,6,8/7/1990,2,1.1,coho,male
1990,6,8/7/1990,16,2.1,coho,female
1990,6,8/7/1990,31,2.1,coho,male
1990,6,8/7/1990,3,3.1,coho,female
1990,6,8/7/1990,3,3.1,coho,male
1990,6,8/10/1990,13,2.1,coho,female
1990,6,8/10/1990,18,2.1,coho,male
1990,6,8/10/1990,1,2.2,coho,male
1990,6,8/10/1990,1,3.1,coho,female
1990,6,8/10/1990,2,3.1,coho,male
1990,6,8/14/1990,15,2.1,coho,female
1990,6,8/14/1990,16,2.1,coho,male
1990,6,8/14/1990,4,3.1,coho,female
1990,6,8/14/1990,1,3.1,coho,male
1990,6,8/17/1990,1,1.1,coho,male
1990,6,8/17/1990,12,2.1,coho,female
1990,6,8/17/1990,17,2.1,coho,male
1990,6,8/17/1990,1,3.1,coho,male
1990,6,8/21/1990,1,1.1,coho,female
1990,6,8/21/1990,1,1.1,coho,male
1990,6,8/21/1990,14,2.1,coho,female
1990,6,8/21/1990,16,2.1,coho,male
1991,6,8/6/1991,12,2.1,coho,female
1991,6,8/6/1991,18,2.1,coho,male
1991,6,8/6/1991,3,3.1,coho,female
1991,6,8/9/1991,1,1.1,coho,female
1991,6,8/9/1991,1,1.1,coho,male
1991,6,8/9/1991,14,2.1,coho,female
1991,6,8/9/1991,17,2.1,coho,male
1991,6,8/9/1991,1,3.1,coho,female
1991,6,8/9/1991,1,3.1,coho,male
1991,6,8/13/1991,1,1.1,coho,female
1991,6,8/13/1991,3,1.1,coho,male
1991,6,8/13/1991,16,2.1,coho,female
1991,6,8/13/1991,16,2.1,coho,male
1991,6,8/13/1991,1,3.1,coho,female
1991,6,8/16/1991,1,1.1,coho,female
1991,6,8/16/1991,19,2.1,coho,female
1991,6,8/16/1991,16,2.1,coho,male
1991,6,8/16/1991,2,3.1,coho,female
1992,6,7/28/1992,1,1.1,coho,female
1992,6,7/28/1992,7,1.1,coho,male
1992,6,7/28/1992,12,2.1,coho,female
1992,6,7/28/1992,12,2.1,coho,male
1992,6,7/28/1992,2,3.1,coho,female
1992,6,7/28/1992,2,3.1,coho,male
1992,6,7/31/1992,7,1.1,coho,female
1992,6,7/31/1992,7,1.1,coho,male
1992,6,7/31/1992,28,2.1,coho,female
1992,6,7/31/1992,27,2.1,coho,male
1992,6,7/31/1992,5,3.1,coho,female
1992,6,7/31/1992,2,3.1,coho,male
1992,6,8/4/1992,2,1.1,coho,female
1992,6,8/4/1992,4,1.1,coho,male
1992,6,8/4/1992,11,2.1,coho,female
1992,6,8/4/1992,16,2.1,coho,male
1992,6,8/4/1992,1,3.1,coho,female
1992,6,8/4/1992,3,3.1,coho,male
1992,6,8/11/1992,2,1.1,coho,female
1992,6,8/11/1992,5,1.1,coho,male
1992,6,8/11/1992,15,2.1,coho,female
1992,6,8/11/1992,6,2.1,coho,male
1992,6,8/11/1992,3,3.1,coho,female
1992,6,8/11/1992,1,3.1,coho,male
1993,6,8/6/1993,1,1.1,coho,female
1993,6,8/6/1993,1,1.1,coho,male
1993,6,8/6/1993,5,2.1,coho,female
1993,6,8/6/1993,9,2.1,coho,male
1993,6,8/6/1993,1,3.1,coho,male
1993,6,8/9/1993,2,1.1,coho,female
1993,6,8/9/1993,3,1.1,coho,male
1993,6,8/9/1993,7,2.1,coho,female
1993,6,8/9/1993,17,2.1,coho,male
1993,6,8/12/1993,1,1.1,coho,female
1993,6,8/12/1993,6,1.1,coho,male
1993,6,8/12/1993,22,2.1,coho,female
1993,6,8/12/1993,24,2.1,coho,male
1993,6,8/12/1993,2,3.1,coho,male
1993,6,8/16/1993,1,1.1,coho,female
1993,6,8/16/1993,1,1.1,coho,male
1993,6,8/16/1993,13,2.1,coho,female
1993,6,8/16/1993,15,2.1,coho,male
1993,6,8/16/1993,1,3.1,coho,female
1994,6,8/2/1994,2,1.1,coho,female
1994,6,8/2/1994,2,1.1,coho,male
1994,6,8/2/1994,4,2.1,coho,female
1994,6,8/2/1994,10,2.1,coho,male
1994,6,8/2/1994,1,3.1,coho,male
1994,6,8/5/1994,2,1.1,coho,female
1994,6,8/5/1994,1,1.1,coho,male
1994,6,8/5/1994,14,2.1,coho,female
1994,6,8/5/1994,15,2.1,coho,male
1994,6,8/5/1994,1,3.1,coho,female
1994,6,8/5/1994,1,3.1,coho,male
1994,6,8/9/1994,6,1.1,coho,female
1994,6,8/9/1994,2,1.1,coho,male
1994,6,8/9/1994,18,2.1,coho,female
1994,6,8/9/1994,23,2.1,coho,male
1994,6,8/9/1994,1,3.1,coho,female
1994,6,8/13/1994,3,1.1,coho,female
1994,6,8/13/1994,2,1.1,coho,male
1994,6,8/13/1994,16,2.1,coho,female
1994,6,8/13/1994,12,2.1,coho,male
1994,6,8/23/1994,8,1.1,coho,female
1994,6,8/23/1994,12,1.1,coho,male
1994,6,8/23/1994,12,2.1,coho,female
1994,6,8/23/1994,17,2.1,coho,male
1994,6,8/23/1994,3,3.1,coho,female
1994,6,8/23/1994,1,3.1,coho,male
1994,6,8/26/1994,4,1.1,coho,female
1994,6,8/26/1994,6,1.1,coho,male
1994,6,8/26/1994,10,2.1,coho,female
1994,6,8/26/1994,12,2.1,coho,male
1994,6,8/26/1994,4,3.1,coho,female
1994,6,8/30/1994,2,1.1,coho,female
1994,6,8/30/1994,6,1.1,coho,male
1994,6,8/30/1994,17,2.1,coho,female
1994,6,8/30/1994,6,2.1,coho,male
1994,6,8/30/1994,1,3.1,coho,female
1994,6,8/30/1994,1,3.1,coho,male
1995,6,8/2/1995,1,2.1,coho,female
1995,6,8/2/1995,3,2.1,coho,male
1995,6,8/2/1995,1,3.1,coho,female
1995,6,8/2/1995,3,3.1,coho,male
1995,6,8/4/1995,4,2.1,coho,female
1995,6,8/4/1995,5,2.1,coho,male
1995,6,8/5/1995,5,2.1,coho,female
1995,6,8/5/1995,4,2.1,coho,male
1995,6,8/5/1995,1,3.1,coho,male
1995,6,8/6/1995,1,2.1,coho,female
1995,6,8/6/1995,3,2.1,coho,male
1995,6,8/6/1995,3,3.1,coho,female
1995,6,8/6/1995,2,3.1,coho,male
1995,6,8/8/1995,1,1.1,coho,female
1995,6,8/8/1995,1,1.1,coho,male
1995,6,8/8/1995,23,2.1,coho,female
1995,6,8/8/1995,30,2.1,coho,male
1995,6,8/8/1995,11,3.1,coho,female
1995,6,8/8/1995,1,3.1,coho,male
1995,6,8/9/1995,1,1.1,coho,female
1995,6,8/9/1995,4,1.1,coho,male
1995,6,8/9/1995,26,2.1,coho,female
1995,6,8/9/1995,29,2.1,coho,male
1995,6,8/9/1995,4,3.1,coho,female
1995,6,8/9/1995,9,3.1,coho,male
1996,6,7/31/1996,2,1.1,coho,female
1996,6,7/31/1996,1,1.1,coho,male
1996,6,7/31/1996,42,2.1,coho,female
1996,6,7/31/1996,18,2.1,coho,male
1996,6,7/31/1996,3,3.1,coho,female
1996,6,7/31/1996,2,3.1,coho,male
1996,6,8/3/1996,1,1.1,coho,female
1996,6,8/3/1996,1,1.1,coho,male
1996,6,8/3/1996,43,2.1,coho,female
1996,6,8/3/1996,35,2.1,coho,male
1996,6,8/3/1996,1,3.1,coho,female
1996,6,8/3/1996,1,3.1,coho,male
1997,6,8/5/1997,3,1.1,coho,female
1997,6,8/5/1997,6,1.1,coho,male
1997,6,8/5/1997,47,2.1,coho,female
1997,6,8/5/1997,42,2.1,coho,male
1997,6,8/5/1997,2,3.1,coho,female
1997,6,8/5/1997,2,3.1,coho,male
1997,6,8/12/1997,1,1.1,coho,female
1997,6,8/12/1997,4,1.1,coho,male
1997,6,8/12/1997,18,2.1,coho,female
1997,6,8/12/1997,8,2.1,coho,male
1997,6,8/12/1997,1,3.1,coho,female
1998,6,8/4/1998,2,1.1,coho,female
1998,6,8/4/1998,29,2.1,coho,female
1998,6,8/4/1998,32,2.1,coho,male
1998,6,8/4/1998,1,2.2,coho,female
1998,6,8/4/1998,1,2.2,coho,male
1998,6,8/4/1998,2,3.1,coho,female
1998,6,8/4/1998,3,3.1,coho,male
1998,6,8/5/1998,32,2.1,coho,female
1998,6,8/5/1998,34,2.1,coho,male
1998,6,8/5/1998,1,2.2,coho,female
1998,6,8/5/1998,3,2.2,coho,male
1998,6,8/5/1998,2,3.1,coho,female
1998,6,8/5/1998,2,3.1,coho,male
1999,6,8/3/1999,24,2.1,coho,female
1999,6,8/3/1999,48,2.1,coho,male
1999,6,8/3/1999,1,3.1,coho,female
1999,6,8/3/1999,2,3.1,coho,male
1999,6,8/10/1999,25,2.1,coho,female
1999,6,8/10/1999,44,2.1,coho,male
1999,6,8/10/1999,5,3.1,coho,female
1999,6,8/17/1999,24,2.1,coho,female
1999,6,8/17/1999,10,2.1,coho,male
1999,6,8/17/1999,1,3.1,coho,female
1999,6,8/17/1999,2,3.1,coho,male
2000,6,7/28/2000,10,2.1,coho,female
2000,6,7/28/2000,33,2.1,coho,male
2000,6,8/2/2000,13,2.1,coho,female
2000,6,8/2/2000,29,2.1,coho,male
2000,6,8/2/2000,1,3.1,coho,female
2000,6,8/2/2000,1,3.1,coho,male
2000,6,8/23/2000,24,2.1,coho,female
2000,6,8/23/2000,18,2.1,coho,male
2000,6,8/23/2000,1,3.1,coho,female
2000,6,8/23/2000,1,3.1,coho,male
2001,6,7/28/2001,2,2.1,coho,female
2001,6,7/28/2001,23,2.1,coho,male
2001,6,7/28/2001,6,3.1,coho,female
2001,6,7/28/2001,10,3.1,coho,male
2001,6,7/31/2001,1,1.1,coho,male
2001,6,7/31/2001,8,2.1,coho,female
2001,6,7/31/2001,14,2.1,coho,male
2001,6,7/31/2001,8,3.1,coho,female
2001,6,7/31/2001,7,3.1,coho,male
2001,6,8/3/2001,6,2.1,coho,female
2001,6,8/3/2001,7,2.1,coho,male
2001,6,8/3/2001,9,3.1,coho,female
2001,6,8/3/2001,7,3.1,coho,male
2001,6,8/10/2001,1,1.1,coho,male
2001,6,8/10/2001,13,2.1,coho,female
2001,6,8/10/2001,18,2.1,coho,male
2001,6,8/10/2001,9,3.1,coho,female
2001,6,8/10/2001,2,3.1,coho,male
2001,6,8/15/2001,5,2.1,coho,female
2001,6,8/15/2001,8,2.1,coho,male
2001,6,8/15/2001,1,3.1,coho,female
2001,6,8/15/2001,2,3.1,coho,male
2001,6,8/22/2001,1,1.1,coho,female
2001,6,8/22/2001,8,2.1,coho,female
2001,6,8/22/2001,6,2.1,coho,male
2001,6,8/22/2001,2,3.1,coho,female
2001,6,8/28/2001,4,1.1,coho,female
2001,6,8/28/2001,1,1.1,coho,male
2001,6,8/28/2001,7,2.1,coho,female
2001,6,8/28/2001,2,2.1,coho,male
2001,6,8/28/2001,1,3.1,coho,female
2002,5,8/7/2002,1,1.1,coho,male
2002,5,8/7/2002,7,2.1,coho,female
2002,5,8/7/2002,34,2.1,coho,male
2002,5,8/7/2002,6,3.1,coho,female
2002,5,8/7/2002,4,3.1,coho,male
2002,5,8/14/2002,24,2.1,coho,female
2002,5,8/14/2002,21,2.1,coho,male
2002,5,8/14/2002,5,3.1,coho,female
2002,5,8/14/2002,6,3.1,coho,male
2002,6,7/30/2002,1,1.1,coho,female
2002,6,7/30/2002,6,2.1,coho,female
2002,6,7/30/2002,22,2.1,coho,male
2002,6,7/30/2002,1,3.1,coho,female
2002,6,7/30/2002,4,3.1,coho,male
2002,6,8/2/2002,1,1.1,coho,male
2002,6,8/2/2002,37,2.1,coho,female
2002,6,8/2/2002,42,2.1,coho,male
2002,6,8/2/2002,10,3.1,coho,female
2002,6,8/2/2002,4,3.1,coho,male
2002,6,8/2/2002,1,4.1,coho,male
2002,6,8/7/2002,1,1.1,coho,male
2002,6,8/7/2002,16,2.1,coho,female
2002,6,8/7/2002,31,2.1,coho,male
2002,6,8/7/2002,3,3.1,coho,female
2002,6,8/7/2002,3,3.1,coho,male
2002,6,8/10/2002,17,2.1,coho,female
2002,6,8/10/2002,32,2.1,coho,male
2002,6,8/10/2002,2,3.1,coho,female
2002,6,8/10/2002,4,3.1,coho,male
2002,6,8/14/2002,2,1.1,coho,male
2002,6,8/14/2002,17,2.1,coho,female
2002,6,8/14/2002,23,2.1,coho,male
2002,6,8/14/2002,2,3.1,coho,female
2002,6,8/14/2002,1,3.1,coho,male
2002,6,8/14/2002,1,4.1,coho,female
2002,6,8/21/2002,4,1.1,coho,female
2002,6,8/21/2002,5,1.1,coho,male
2002,6,8/21/2002,13,2.1,coho,female
2002,6,8/21/2002,23,2.1,coho,male
2002,6,8/21/2002,3,3.1,coho,female
2003,6,8/1/2003,2,1.1,coho,female
2003,6,8/1/2003,2,1.1,coho,male
2003,6,8/1/2003,30,2.1,coho,female
2003,6,8/1/2003,26,2.1,coho,male
2003,6,8/1/2003,6,3.1,coho,female
2003,6,8/1/2003,5,3.1,coho,male
2003,6,8/5/2003,1,1.1,coho,male
2003,6,8/5/2003,19,2.1,coho,female
2003,6,8/5/2003,11,2.1,coho,male
2003,6,8/5/2003,2,3.1,coho,female
2003,6,8/5/2003,2,3.1,coho,male
2003,6,8/6/2003,1,1.1,coho,female
2003,6,8/6/2003,1,1.1,coho,male
2003,6,8/6/2003,14,2.1,coho,female
2003,6,8/6/2003,16,2.1,coho,male
2003,6,8/6/2003,2,3.1,coho,female
2003,6,8/6/2003,1,3.1,coho,male
2003,6,8/8/2003,1,1.1,coho,female
2003,6,8/8/2003,13,2.1,coho,female
2003,6,8/8/2003,16,2.1,coho,male
2003,6,8/8/2003,2,3.1,coho,female
2003,6,8/8/2003,3,3.1,coho,male
2003,6,8/12/2003,4,1.1,coho,female
2003,6,8/12/2003,4,1.1,coho,male
2003,6,8/12/2003,35,2.1,coho,female
2003,6,8/12/2003,24,2.1,coho,male
2003,6,8/12/2003,4,3.1,coho,female
2003,6,8/12/2003,3,3.1,coho,male
2003,6,8/15/2003,1,1.1,coho,female
2003,6,8/15/2003,3,1.1,coho,male
2003,6,8/15/2003,19,2.1,coho,female
2003,6,8/15/2003,7,2.1,coho,male
2003,6,8/15/2003,3,3.1,coho,female
2003,6,8/15/2003,2,3.1,coho,male
2003,6,8/16/2003,25,2.1,coho,female
2003,6,8/16/2003,9,2.1,coho,male
2003,6,8/16/2003,2,3.1,coho,male
2003,6,8/19/2003,3,1.1,coho,female
2003,6,8/19/2003,2,1.1,coho,male
2003,6,8/19/2003,15,2.1,coho,female
2003,6,8/19/2003,13,2.1,coho,male
2003,6,8/19/2003,3,3.1,coho,female
2003,6,8/19/2003,1,3.1,coho,male
2003,6,8/20/2003,4,1.1,coho,female
2003,6,8/20/2003,1,1.1,coho,male
2003,6,8/20/2003,16,2.1,coho,female
2003,6,8/20/2003,11,2.1,coho,male
2003,6,8/20/2003,2,3.1,coho,female
2003,6,8/20/2003,1,3.1,coho,male
2003,6,8/22/2003,3,1.1,coho,female
2003,6,8/22/2003,4,1.1,coho,male
2003,6,8/22/2003,16,2.1,coho,female
2003,6,8/22/2003,12,2.1,coho,male
2003,6,8/22/2003,2,3.1,coho,female
2003,6,8/26/2003,4,1.1,coho,female
2003,6,8/26/2003,3,1.1,coho,male
2003,6,8/26/2003,19,2.1,coho,female
2003,6,8/26/2003,9,2.1,coho,male
2003,6,8/26/2003,5,3.1,coho,female
2003,6,8/26/2003,2,3.1,coho,male
2003,6,8/27/2003,2,1.1,coho,female
2003,6,8/27/2003,1,1.1,coho,male
2003,6,8/27/2003,8,2.1,coho,female
2003,6,8/27/2003,8,2.1,coho,male
2003,6,8/27/2003,2,3.1,coho,female
2003,6,8/29/2003,2,1.1,coho,female
2003,6,8/29/2003,6,1.1,coho,male
2003,6,8/29/2003,25,2.1,coho,female
2003,6,8/29/2003,29,2.1,coho,male
2003,6,8/29/2003,2,3.1,coho,female
2003,6,8/29/2003,2,3.1,coho,male
2003,6,9/3/2003,7,1.1,coho,female
2003,6,9/3/2003,5,1.1,coho,male
2003,6,9/3/2003,29,2.1,coho,female
2003,6,9/3/2003,20,2.1,coho,male
2003,6,9/3/2003,1,3.1,coho,female
2003,6,9/3/2003,1,3.1,coho,male
2003,6,9/5/2003,6,1.1,coho,female
2003,6,9/5/2003,6,1.1,coho,male
2003,6,9/5/2003,22,2.1,coho,female
2003,6,9/5/2003,27,2.1,coho,male
2003,6,9/5/2003,2,3.1,coho,female
2003,6,9/5/2003,2,3.1,coho,male
2004,5,8/5/2004,2,1.1,coho,female
2004,5,8/5/2004,3,1.1,coho,male
2004,5,8/5/2004,9,2.1,coho,female
2004,5,8/5/2004,17,2.1,coho,male
2004,5,8/5/2004,2,3.1,coho,male
2004,5,8/25/2004,1,1.1,coho,female
2004,5,8/25/2004,2,1.1,coho,male
2004,5,8/25/2004,9,2.1,coho,female
2004,5,8/25/2004,13,2.1,coho,male
2004,5,8/25/2004,2,3.1,coho,male
2004,6,7/27/2004,2,2.1,coho,female
2004,6,7/27/2004,35,2.1,coho,male
2004,6,7/28/2004,2,1.1,coho,male
2004,6,7/28/2004,9,2.1,coho,female
2004,6,7/28/2004,12,2.1,coho,male
2004,6,7/28/2004,1,3.1,coho,male
2004,6,7/30/2004,1,1.1,coho,female
2004,6,7/30/2004,8,2.1,coho,female
2004,6,7/30/2004,20,2.1,coho,male
2004,6,7/30/2004,1,3.1,coho,female
2004,6,7/30/2004,2,3.1,coho,male
2004,6,8/3/2004,1,1.1,coho,male
2004,6,8/3/2004,4,2.1,coho,female
2004,6,8/3/2004,27,2.1,coho,male
2004,6,8/3/2004,1,3.1,coho,male
2004,6,8/4/2004,1,1.1,coho,male
2004,6,8/4/2004,13,2.1,coho,female
2004,6,8/4/2004,18,2.1,coho,male
2004,6,8/8/2004,1,1.1,coho,female
2004,6,8/8/2004,2,1.1,coho,male
2004,6,8/8/2004,14,2.1,coho,female
2004,6,8/8/2004,15,2.1,coho,male
2004,6,8/8/2004,1,3.1,coho,female
2004,6,8/8/2004,1,3.1,coho,male
2004,6,8/9/2004,2,1.1,coho,male
2004,6,8/9/2004,13,2.1,coho,female
2004,6,8/9/2004,17,2.1,coho,male
2004,6,8/9/2004,1,3.1,coho,male
2004,6,8/11/2004,2,1.1,coho,female
2004,6,8/11/2004,1,1.1,coho,male
2004,6,8/11/2004,18,2.1,coho,female
2004,6,8/11/2004,11,2.1,coho,male
2004,6,8/11/2004,3,3.1,coho,female
2004,6,8/12/2004,1,1.1,coho,female
2004,6,8/12/2004,1,1.1,coho,male
2004,6,8/12/2004,8,2.1,coho,female
2004,6,8/12/2004,20,2.1,coho,male
2004,6,8/12/2004,1,3.1,coho,female
2004,6,8/12/2004,1,3.1,coho,male
2004,6,8/13/2004,2,1.1,coho,female
2004,6,8/13/2004,1,1.1,coho,male
2004,6,8/13/2004,12,2.1,coho,female
2004,6,8/13/2004,13,2.1,coho,male
2004,6,8/13/2004,1,3.1,coho,male
2005,5,7/30/2005,4,1.1,coho,female
2005,5,7/30/2005,1,1.1,coho,male
2005,5,7/30/2005,34,2.1,coho,female
2005,5,7/30/2005,34,2.1,coho,male
2005,5,8/3/2005,2,1.1,coho,female
2005,5,8/3/2005,3,1.1,coho,male
2005,5,8/3/2005,29,2.1,coho,female
2005,5,8/3/2005,58,2.1,coho,male
2005,5,8/3/2005,2,3.1,coho,male
2005,5,8/5/2005,1,1.1,coho,female
2005,5,8/5/2005,2,1.1,coho,male
2005,5,8/5/2005,19,2.1,coho,female
2005,5,8/5/2005,10,2.1,coho,male
2005,5,8/5/2005,2,3.1,coho,female
2005,5,8/5/2005,1,3.1,coho,male
2005,5,8/10/2005,5,1.1,coho,female
2005,5,8/10/2005,3,1.1,coho,male
2005,5,8/10/2005,32,2.1,coho,female
2005,5,8/10/2005,18,2.1,coho,male
2005,5,8/10/2005,1,3.1,coho,female
2005,5,8/10/2005,6,3.1,coho,male
2005,5,8/12/2005,11,2.1,coho,female
2005,5,8/12/2005,17,2.1,coho,male
2005,5,8/16/2005,5,1.1,coho,female
2005,5,8/16/2005,7,1.1,coho,male
2005,5,8/16/2005,18,2.1,coho,female
2005,5,8/16/2005,21,2.1,coho,male
2005,5,8/16/2005,4,3.1,coho,female
2005,5,8/16/2005,3,3.1,coho,male
2005,5,8/19/2005,4,1.1,coho,female
2005,5,8/19/2005,9,1.1,coho,male
2005,5,8/19/2005,10,2.1,coho,female
2005,5,8/19/2005,11,2.1,coho,male
2005,5,8/27/2005,22,1.1,coho,female
2005,5,8/27/2005,15,1.1,coho,male
2005,5,8/27/2005,1,2,coho,male
2005,5,8/27/2005,30,2.1,coho,female
2005,5,8/27/2005,21,2.1,coho,male
2005,5,8/31/2005,12,1.1,coho,female
2005,5,8/31/2005,9,1.1,coho,male
2005,5,8/31/2005,22,2.1,coho,female
2005,5,8/31/2005,17,2.1,coho,male
2005,5,8/31/2005,4,3.1,coho,female
2005,5,8/31/2005,3,3.1,coho,male
2005,6,7/25/2005,1,1.1,coho,male
2005,6,7/25/2005,13,2.1,coho,female
2005,6,7/25/2005,18,2.1,coho,male
2005,6,7/25/2005,1,3.1,coho,male
2005,6,7/28/2005,2,1.1,coho,female
2005,6,7/28/2005,1,1.1,coho,male
2005,6,7/28/2005,30,2.1,coho,female
2005,6,7/28/2005,26,2.1,coho,male
2005,6,7/28/2005,3,3.1,coho,female
2005,6,8/1/2005,2,1.1,coho,female
2005,6,8/1/2005,1,1.1,coho,male
2005,6,8/1/2005,24,2.1,coho,female
2005,6,8/1/2005,25,2.1,coho,male
2005,6,8/5/2005,1,1.1,coho,male
2005,6,8/5/2005,22,2.1,coho,female
2005,6,8/5/2005,28,2.1,coho,male
2005,6,8/5/2005,2,3.1,coho,male
2005,6,8/8/2005,1,1.1,coho,female
2005,6,8/8/2005,2,1.1,coho,male
2005,6,8/8/2005,25,2.1,coho,female
2005,6,8/8/2005,19,2.1,coho,male
2005,6,8/8/2005,2,3.1,coho,female
2005,6,8/11/2005,3,1.1,coho,female
2005,6,8/11/2005,1,1.1,coho,male
2005,6,8/11/2005,24,2.1,coho,female
2005,6,8/11/2005,21,2.1,coho,male
2005,6,8/15/2005,1,1.1,coho,female
2005,6,8/15/2005,3,1.1,coho,male
2005,6,8/15/2005,18,2.1,coho,female
2005,6,8/15/2005,17,2.1,coho,male
2005,6,8/15/2005,1,3.1,coho,female
2005,6,8/18/2005,2,1.1,coho,female
2005,6,8/18/2005,5,1.1,coho,male
2005,6,8/18/2005,23,2.1,coho,female
2005,6,8/18/2005,22,2.1,coho,male
2005,6,8/18/2005,1,3.1,coho,female
2005,6,8/18/2005,1,3.1,coho,male
2005,6,8/22/2005,9,1.1,coho,female
2005,6,8/22/2005,8,1.1,coho,male
2005,6,8/22/2005,32,2.1,coho,female
2005,6,8/22/2005,40,2.1,coho,male
2005,6,8/29/2005,10,1.1,coho,female
2005,6,8/29/2005,9,1.1,coho,male
2005,6,8/29/2005,17,2.1,coho,female
2005,6,8/29/2005,22,2.1,coho,male
2005,6,8/29/2005,1,3.1,coho,female
2006,5,8/4/2006,13,1.1,coho,female
2006,5,8/4/2006,20,1.1,coho,male
2006,5,8/4/2006,37,2.1,coho,female
2006,5,8/4/2006,49,2.1,coho,male
2006,5,8/4/2006,2,3.1,coho,female
2006,5,8/4/2006,1,3.1,coho,male
2006,5,8/5/2006,2,2.1,coho,female
2006,5,8/9/2006,12,1.1,coho,female
2006,5,8/9/2006,14,1.1,coho,male
2006,5,8/9/2006,24,2.1,coho,female
2006,5,8/9/2006,27,2.1,coho,male
2006,5,8/9/2006,3,3.1,coho,female
2006,5,8/9/2006,1,3.1,coho,male
2006,5,8/11/2006,12,1.1,coho,female
2006,5,8/11/2006,22,1.1,coho,male
2006,5,8/11/2006,19,2.1,coho,female
2006,5,8/11/2006,44,2.1,coho,male
2006,5,8/11/2006,2,3.1,coho,female
2006,5,8/11/2006,1,3.1,coho,male
2006,5,8/15/2006,4,1.1,coho,female
2006,5,8/15/2006,5,1.1,coho,male
2006,5,8/15/2006,1,2.1,coho,female
2006,5,8/15/2006,3,2.1,coho,male
2006,5,8/19/2006,5,1.1,coho,female
2006,5,8/19/2006,15,1.1,coho,male
2006,5,8/19/2006,5,2.1,coho,female
2006,5,8/19/2006,7,2.1,coho,male
2006,5,8/22/2006,18,1.1,coho,female
2006,5,8/22/2006,14,1.1,coho,male
2006,5,8/22/2006,33,2.1,coho,female
2006,5,8/22/2006,24,2.1,coho,male
2006,5,8/22/2006,2,3.1,coho,female
2006,5,8/22/2006,1,3.1,coho,male
2006,5,8/24/2006,25,1.1,coho,female
2006,5,8/24/2006,21,1.1,coho,male
2006,5,8/24/2006,28,2.1,coho,female
2006,5,8/24/2006,17,2.1,coho,male
2006,5,8/24/2006,1,3.1,coho,female
2006,5,8/24/2006,2,3.1,coho,male
2006,5,8/28/2006,12,1.1,coho,female
2006,5,8/28/2006,16,1.1,coho,male
2006,5,8/28/2006,11,2.1,coho,female
2006,5,8/28/2006,8,2.1,coho,male
2006,5,8/28/2006,2,3.1,coho,male
2006,5,8/29/2006,7,1.1,coho,female
2006,5,8/29/2006,6,1.1,coho,male
2006,5,8/29/2006,6,2.1,coho,female
2006,5,8/29/2006,8,2.1,coho,male
2006,5,8/29/2006,1,3.1,coho,female
2006,5,9/2/2006,5,1.1,coho,female
2006,5,9/2/2006,1,1.1,coho,male
2006,5,9/2/2006,4,2.1,coho,female
2006,5,9/2/2006,2,2.1,coho,male
2006,5,9/6/2006,7,1.1,coho,female
2006,5,9/6/2006,3,1.1,coho,male
2006,5,9/6/2006,7,2.1,coho,female
2006,5,9/6/2006,9,2.1,coho,male
2006,5,9/6/2006,3,3.1,coho,female
2006,5,9/6/2006,1,3.1,coho,male
2006,6,7/22/2006,5,1.1,coho,female
2006,6,7/22/2006,11,1.1,coho,male
2006,6,7/22/2006,29,2.1,coho,female
2006,6,7/22/2006,44,2.1,coho,male
2006,6,7/22/2006,3,3.1,coho,female
2006,6,7/22/2006,4,3.1,coho,male
2006,6,7/25/2006,7,1.1,coho,female
2006,6,7/25/2006,6,1.1,coho,male
2006,6,7/25/2006,32,2.1,coho,female
2006,6,7/25/2006,34,2.1,coho,male
2006,6,7/25/2006,1,3.1,coho,female
2006,6,7/25/2006,6,3.1,coho,male
2006,6,7/27/2006,5,1.1,coho,female
2006,6,7/27/2006,9,1.1,coho,male
2006,6,7/27/2006,12,2.1,coho,female
2006,6,7/27/2006,22,2.1,coho,male
2006,6,7/27/2006,1,3.1,coho,female
2006,6,7/27/2006,1,3.1,coho,male
2006,6,7/28/2006,5,1.1,coho,female
2006,6,7/28/2006,11,1.1,coho,male
2006,6,7/28/2006,12,2.1,coho,female
2006,6,7/28/2006,28,2.1,coho,male
2006,6,7/28/2006,3,3.1,coho,female
2006,6,7/28/2006,3,3.1,coho,male
2006,6,8/1/2006,8,1.1,coho,female
2006,6,8/1/2006,12,1.1,coho,male
2006,6,8/1/2006,30,2.1,coho,female
2006,6,8/1/2006,43,2.1,coho,male
2006,6,8/1/2006,2,3.1,coho,female
2006,6,8/1/2006,4,3.1,coho,male
2006,6,8/14/2006,3,1.1,coho,female
2006,6,8/14/2006,13,1.1,coho,male
2006,6,8/14/2006,21,2.1,coho,female
2006,6,8/14/2006,31,2.1,coho,male
2006,6,8/14/2006,2,3.1,coho,female
2006,6,8/17/2006,7,1.1,coho,female
2006,6,8/17/2006,8,1.1,coho,male
2006,6,8/17/2006,14,2.1,coho,female
2006,6,8/17/2006,7,2.1,coho,male
2006,6,8/17/2006,1,3.1,coho,female
2006,6,8/17/2006,1,3.1,coho,male
2006,6,8/18/2006,7,1.1,coho,female
2006,6,8/18/2006,3,1.1,coho,male
2006,6,8/18/2006,11,2.1,coho,female
2006,6,8/18/2006,10,2.1,coho,male
2006,6,8/18/2006,1,3.1,coho,female
2006,6,8/21/2006,23,1.1,coho,female
2006,6,8/21/2006,17,1.1,coho,male
2006,6,8/21/2006,22,2.1,coho,female
2006,6,8/21/2006,15,2.1,coho,male
2006,6,8/21/2006,2,3.1,coho,male
2006,6,8/22/2006,5,1.1,coho,female
2006,6,8/22/2006,6,1.1,coho,male
2006,6,8/22/2006,4,2.1,coho,female
2006,6,8/22/2006,3,2.1,coho,male
2006,6,8/22/2006,1,3.1,coho,female
2006,6,8/24/2006,10,1.1,coho,female
2006,6,8/24/2006,15,1.1,coho,male
2006,6,8/24/2006,7,2.1,coho,female
2006,6,8/24/2006,5,2.1,coho,male
2006,6,8/25/2006,11,1.1,coho,female
2006,6,8/25/2006,12,1.1,coho,male
2006,6,8/25/2006,5,2.1,coho,female
2006,6,8/25/2006,6,2.1,coho,male
2006,6,8/28/2006,15,1.1,coho,female
2006,6,8/28/2006,19,1.1,coho,male
2006,6,8/28/2006,12,2.1,coho,female
2006,6,8/28/2006,19,2.1,coho,male
2006,6,8/28/2006,1,3.1,coho,female
2006,6,8/28/2006,2,3.1,coho,male
2006,6,8/31/2006,13,1.1,coho,female
2006,6,8/31/2006,11,1.1,coho,male
2006,6,8/31/2006,7,2.1,coho,female
2006,6,8/31/2006,4,2.1,coho,male
2006,6,9/1/2006,5,1.1,coho,female
2006,6,9/1/2006,6,1.1,coho,male
2006,6,9/1/2006,6,2.1,coho,female
2006,6,9/1/2006,1,2.1,coho,male
2006,6,9/1/2006,1,3.1,coho,male
2006,6,9/6/2006,13,1.1,coho,female
2006,6,9/6/2006,7,1.1,coho,male
2006,6,9/6/2006,12,2.1,coho,female
2006,6,9/6/2006,9,2.1,coho,male
2006,6,9/6/2006,1,3.1,coho,female
2006,6,9/6/2006,2,3.1,coho,male
2006,6,9/7/2006,15,1.1,coho,female
2006,6,9/7/2006,9,1.1,coho,male
2006,6,9/7/2006,8,2.1,coho,female
2006,6,9/7/2006,3,2.1,coho,male
2006,6,9/11/2006,12,1.1,coho,female
2006,6,9/11/2006,9,1.1,coho,male
2006,6,9/11/2006,13,2.1,coho,female
2006,6,9/11/2006,10,2.1,coho,male
2006,6,9/12/2006,8,1.1,coho,female
2006,6,9/12/2006,10,1.1,coho,male
2006,6,9/12/2006,10,2.1,coho,female
2006,6,9/12/2006,7,2.1,coho,male
2006,6,9/12/2006,1,3.1,coho,male
2006,6,9/13/2006,9,1.1,coho,female
2006,6,9/13/2006,4,1.1,coho,male
2006,6,9/13/2006,2,2.1,coho,female
2006,6,9/13/2006,2,2.1,coho,male
2007,5,7/25/2007,1,1.1,coho,female
2007,5,7/25/2007,6,1.1,coho,male
2007,5,7/25/2007,27,2.1,coho,female
2007,5,7/25/2007,30,2.1,coho,male
2007,5,7/25/2007,1,3.1,coho,female
2007,5,7/25/2007,2,3.1,coho,male
2007,5,7/28/2007,2,1.1,coho,female
2007,5,7/28/2007,1,1.1,coho,male
2007,5,7/28/2007,14,2.1,coho,female
2007,5,7/28/2007,14,2.1,coho,male
2007,5,7/30/2007,1,1.1,coho,female
2007,5,7/30/2007,1,1.1,coho,male
2007,5,7/30/2007,13,2.1,coho,female
2007,5,7/30/2007,16,2.1,coho,male
2007,5,8/3/2007,2,1.1,coho,female
2007,5,8/3/2007,3,1.1,coho,male
2007,5,8/3/2007,19,2.1,coho,female
2007,5,8/3/2007,16,2.1,coho,male
2007,5,8/3/2007,2,3.1,coho,male
2007,5,8/7/2007,3,1.1,coho,female
2007,5,8/7/2007,2,1.1,coho,male
2007,5,8/7/2007,22,2.1,coho,female
2007,5,8/7/2007,13,2.1,coho,male
2007,5,8/7/2007,4,3.1,coho,male
2007,5,8/9/2007,3,1.1,coho,female
2007,5,8/9/2007,4,1.1,coho,male
2007,5,8/9/2007,21,2.1,coho,female
2007,5,8/9/2007,16,2.1,coho,male
2007,5,8/15/2007,6,1.1,coho,female
2007,5,8/15/2007,4,1.1,coho,male
2007,5,8/15/2007,14,2.1,coho,female
2007,5,8/15/2007,17,2.1,coho,male
2007,5,8/15/2007,1,3.1,coho,female
2007,5,8/15/2007,1,3.1,coho,male
2007,5,8/17/2007,5,1.1,coho,female
2007,5,8/17/2007,9,1.1,coho,male
2007,5,8/17/2007,16,2.1,coho,female
2007,5,8/17/2007,8,2.1,coho,male
2007,5,8/17/2007,1,3.1,coho,female
2007,5,8/17/2007,1,3.1,coho,male
2007,5,8/21/2007,8,1.1,coho,female
2007,5,8/21/2007,4,1.1,coho,male
2007,5,8/21/2007,14,2.1,coho,female
2007,5,8/21/2007,10,2.1,coho,male
2007,5,8/21/2007,1,3.1,coho,female
2007,5,8/21/2007,4,3.1,coho,male
2007,5,8/25/2007,9,1.1,coho,female
2007,5,8/25/2007,8,1.1,coho,male
2007,5,8/25/2007,9,2.1,coho,female
2007,5,8/25/2007,5,2.1,coho,male
2007,5,8/25/2007,3,3.1,coho,female
2007,5,8/28/2007,11,1.1,coho,female
2007,5,8/28/2007,6,1.1,coho,male
2007,5,8/28/2007,10,2.1,coho,female
2007,5,8/28/2007,8,2.1,coho,male
2007,5,8/28/2007,1,3.1,coho,female
2007,5,8/31/2007,13,1.1,coho,female
2007,5,8/31/2007,6,1.1,coho,male
2007,5,8/31/2007,12,2.1,coho,female
2007,5,8/31/2007,8,2.1,coho,male
2007,5,9/4/2007,11,1.1,coho,female
2007,5,9/4/2007,1,1.1,coho,male
2007,5,9/4/2007,15,2.1,coho,female
2007,5,9/4/2007,13,2.1,coho,male
2007,5,9/4/2007,1,3.1,coho,female
2007,5,9/7/2007,2,1.1,coho,female
2007,5,9/7/2007,10,1.1,coho,male
2007,5,9/7/2007,10,2.1,coho,female
2007,5,9/7/2007,10,2.1,coho,male
2007,5,9/7/2007,1,3.1,coho,female
2007,5,9/7/2007,2,3.1,coho,male
2007,6,7/19/2007,1,1.1,coho,female
2007,6,7/19/2007,2,1.1,coho,male
2007,6,7/19/2007,20,2.1,coho,female
2007,6,7/19/2007,35,2.1,coho,male
2007,6,7/20/2007,1,1.1,coho,female
2007,6,7/20/2007,2,1.1,coho,male
2007,6,7/20/2007,6,2.1,coho,female
2007,6,7/20/2007,11,2.1,coho,male
2007,6,7/20/2007,1,3.1,coho,female
2007,6,7/21/2007,3,1.1,coho,female
2007,6,7/21/2007,7,1.1,coho,male
2007,6,7/21/2007,33,2.1,coho,female
2007,6,7/21/2007,41,2.1,coho,male
2007,6,7/21/2007,3,3.1,coho,male
2007,6,7/23/2007,3,1.1,coho,female
2007,6,7/23/2007,4,1.1,coho,male
2007,6,7/23/2007,54,2.1,coho,female
2007,6,7/23/2007,46,2.1,coho,male
2007,6,7/31/2007,2,1.1,coho,female
2007,6,7/31/2007,3,1.1,coho,male
2007,6,7/31/2007,16,2.1,coho,female
2007,6,7/31/2007,18,2.1,coho,male
2007,6,7/31/2007,1,3.1,coho,female
2007,6,8/2/2007,3,1.1,coho,male
2007,6,8/2/2007,22,2.1,coho,female
2007,6,8/2/2007,24,2.1,coho,male
2007,6,8/6/2007,5,1.1,coho,male
2007,6,8/6/2007,19,2.1,coho,female
2007,6,8/6/2007,22,2.1,coho,male
2007,6,8/6/2007,1,3.1,coho,male
2007,6,8/11/2007,1,1.1,coho,female
2007,6,8/11/2007,4,1.1,coho,male
2007,6,8/11/2007,14,2.1,coho,female
2007,6,8/11/2007,13,2.1,coho,male
2007,6,8/11/2007,4,3.1,coho,female
2007,6,8/11/2007,2,3.1,coho,male
2007,6,8/14/2007,2,1.1,coho,female
2007,6,8/14/2007,20,2.1,coho,female
2007,6,8/14/2007,18,2.1,coho,male
2007,6,8/14/2007,1,3.1,coho,female
2007,6,8/17/2007,3,1.1,coho,female
2007,6,8/17/2007,6,1.1,coho,male
2007,6,8/17/2007,10,2.1,coho,female
2007,6,8/17/2007,15,2.1,coho,male
2007,6,8/17/2007,1,3.1,coho,female
2007,6,8/20/2007,8,1.1,coho,female
2007,6,8/20/2007,5,1.1,coho,male
2007,6,8/20/2007,16,2.1,coho,female
2007,6,8/20/2007,9,2.1,coho,male
2007,6,8/20/2007,2,3.1,coho,female
2007,6,8/23/2007,13,1.1,coho,female
2007,6,8/23/2007,9,1.1,coho,male
2007,6,8/23/2007,13,2.1,coho,female
2007,6,8/23/2007,5,2.1,coho,male
2007,6,8/23/2007,1,3.1,coho,female
2007,6,8/27/2007,12,1.1,coho,female
2007,6,8/27/2007,9,1.1,coho,male
2007,6,8/27/2007,13,2.1,coho,female
2007,6,8/27/2007,6,2.1,coho,male
2007,6,8/27/2007,1,3.1,coho,female
2007,6,8/28/2007,15,1.1,coho,female
2007,6,8/28/2007,9,1.1,coho,male
2007,6,8/28/2007,10,2.1,coho,female
2007,6,8/28/2007,7,2.1,coho,male
2007,6,9/3/2007,8,1.1,coho,female
2007,6,9/3/2007,6,1.1,coho,male
2007,6,9/3/2007,23,2.1,coho,female
2007,6,9/3/2007,8,2.1,coho,male
2007,6,9/6/2007,9,1.1,coho,female
2007,6,9/6/2007,4,1.1,coho,male
2007,6,9/6/2007,15,2.1,coho,female
2007,6,9/6/2007,10,2.1,coho,male
2008,5,7/23/2008,5,2.1,coho,female
2008,5,7/23/2008,4,2.1,coho,male
2008,5,7/25/2008,1,2.1,coho,female
2008,5,7/25/2008,6,2.1,coho,male
2008,5,8/8/2008,1,1.1,coho,female
2008,5,8/8/2008,1,1.1,coho,male
2008,5,8/8/2008,10,2.1,coho,female
2008,5,8/8/2008,12,2.1,coho,male
2008,5,8/8/2008,1,3.1,coho,female
2008,5,8/8/2008,3,3.1,coho,male
2008,5,8/11/2008,2,2.1,coho,female
2008,5,8/11/2008,7,2.1,coho,male
2008,5,8/11/2008,1,3.1,coho,male
2008,5,8/12/2008,1,1.1,coho,female
2008,5,8/12/2008,3,1.1,coho,male
2008,5,8/12/2008,2,2.1,coho,female
2008,5,8/12/2008,13,2.1,coho,male
2008,5,8/12/2008,1,3.1,coho,female
2008,5,8/12/2008,1,3.1,coho,male
2008,5,8/18/2008,2,1.1,coho,female
2008,5,8/18/2008,7,2.1,coho,female
2008,5,8/18/2008,7,2.1,coho,male
2008,5,8/18/2008,1,3.1,coho,female
2008,5,8/20/2008,2,1.1,coho,female
2008,5,8/20/2008,1,2.1,coho,female
2008,5,8/20/2008,6,2.1,coho,male
2008,5,8/20/2008,3,3.1,coho,male
2008,5,8/23/2008,1,1.1,coho,female
2008,5,8/23/2008,1,1.1,coho,male
2008,5,8/23/2008,5,2.1,coho,female
2008,5,8/23/2008,4,2.1,coho,male
2008,5,8/26/2008,2,1.1,coho,female
2008,5,8/26/2008,3,1.1,coho,male
2008,5,8/26/2008,8,2.1,coho,female
2008,5,8/26/2008,1,2.1,coho,male
2008,5,8/29/2008,5,1.1,coho,female
2008,5,8/29/2008,1,1.1,coho,male
2008,5,8/29/2008,2,2.1,coho,female
2008,5,8/29/2008,1,3.1,coho,female
2008,5,9/2/2008,1,1.1,coho,male
2008,5,9/2/2008,1,2.1,coho,female
2008,5,9/2/2008,3,2.1,coho,male
2008,5,9/2/2008,1,3.1,coho,male
2008,5,9/5/2008,2,1.1,coho,female
2008,5,9/5/2008,2,1.1,coho,male
2008,5,9/5/2008,2,2.1,coho,female
2008,5,9/5/2008,1,2.1,coho,male
2008,5,9/5/2008,1,3.1,coho,female
2008,5,9/10/2008,3,1.1,coho,female
2008,5,9/10/2008,2,2.1,coho,female
2008,5,9/10/2008,1,2.1,coho,male
2008,5,9/10/2008,1,3.1,coho,female
2008,6,7/22/2008,7,2.1,coho,male
2008,6,7/22/2008,1,3.1,coho,male
2008,6,7/24/2008,3,2.1,coho,female
2008,6,7/24/2008,5,2.1,coho,male
2008,6,7/28/2008,4,2.1,coho,female
2008,6,7/28/2008,3,2.1,coho,male
2008,6,8/1/2008,1,2.1,coho,female
2008,6,8/1/2008,6,2.1,coho,male
2008,6,8/1/2008,1,3.1,coho,male
2008,6,8/7/2008,1,1.1,coho,female
2008,6,8/7/2008,1,1.1,coho,male
2008,6,8/7/2008,8,2.1,coho,female
2008,6,8/7/2008,9,2.1,coho,male
2008,6,8/7/2008,3,3.1,coho,female
2008,6,8/7/2008,2,3.1,coho,male
2008,6,8/11/2008,3,1.1,coho,male
2008,6,8/11/2008,6,2.1,coho,female
2008,6,8/11/2008,11,2.1,coho,male
2008,6,8/11/2008,2,3.1,coho,female
2008,6,8/11/2008,4,3.1,coho,male
2008,6,8/19/2008,1,1.1,coho,female
2008,6,8/19/2008,1,1.1,coho,male
2008,6,8/19/2008,7,2.1,coho,female
2008,6,8/19/2008,5,2.1,coho,male
2008,6,8/19/2008,1,3.1,coho,female
2008,6,8/22/2008,3,1.1,coho,female
2008,6,8/22/2008,2,1.1,coho,male
2008,6,8/22/2008,3,2.1,coho,female
2008,6,8/22/2008,3,2.1,coho,male
2008,6,8/25/2008,6,1.1,coho,female
2008,6,8/25/2008,4,2.1,coho,female
2008,6,8/25/2008,5,2.1,coho,male
2008,6,8/25/2008,1,3.1,coho,female
2008,6,8/28/2008,1,1.1,coho,female
2008,6,8/28/2008,1,2.1,coho,female
2008,6,8/28/2008,3,2.1,coho,male
2008,6,8/28/2008,2,3.1,coho,female
2008,6,8/28/2008,1,3.1,coho,male
2008,6,9/1/2008,1,1.1,coho,male
2008,6,9/1/2008,1,2.1,coho,female
2008,6,9/1/2008,1,2.1,coho,male
2008,6,9/4/2008,2,1.1,coho,female
2008,6,9/4/2008,2,1.1,coho,male
2008,6,9/8/2008,4,1.1,coho,female
2008,6,9/8/2008,3,1.1,coho,male
2008,6,9/8/2008,2,2.1,coho,female
2008,6,9/12/2008,7,1.1,coho,female
2008,6,9/12/2008,3,1.1,coho,male
2008,6,9/12/2008,1,2.1,coho,female
2008,6,9/12/2008,1,2.1,coho,male
2008,6,9/12/2008,1,3.1,coho,female
2009,5,7/24/2009,1,2.1,coho,female
2009,5,7/24/2009,1,2.1,coho,male
2009,5,7/29/2009,1,1.1,coho,male
2009,5,7/29/2009,1,2.1,coho,female
2009,5,7/29/2009,2,2.1,coho,male
2009,5,7/29/2009,1,3.1,coho,male
2009,5,8/4/2009,3,1.1,coho,female
2009,5,8/4/2009,5,1.1,coho,male
2009,5,8/4/2009,3,2.1,coho,female
2009,5,8/4/2009,1,2.1,coho,male
2009,5,8/4/2009,1,3.1,coho,male
2009,5,8/17/2009,4,1.1,coho,female
2009,5,8/17/2009,8,1.1,coho,male
2009,5,8/17/2009,13,2.1,coho,female
2009,5,8/17/2009,12,2.1,coho,male
2009,5,8/20/2009,3,1.1,coho,female
2009,5,8/20/2009,5,1.1,coho,male
2009,5,8/20/2009,9,2.1,coho,female
2009,5,8/20/2009,8,2.1,coho,male
2009,5,8/20/2009,1,3.1,coho,male
2009,5,8/26/2009,6,1.1,coho,female
2009,5,8/26/2009,3,1.1,coho,male
2009,5,8/26/2009,8,2.1,coho,female
2009,5,8/26/2009,4,2.1,coho,male
2009,5,8/26/2009,1,3.1,coho,female
2009,5,8/28/2009,4,1.1,coho,female
2009,5,8/28/2009,1,1.1,coho,male
2009,5,8/28/2009,7,2.1,coho,female
2009,5,8/28/2009,3,2.1,coho,male
2009,6,7/27/2009,1,1.1,coho,male
2009,6,7/27/2009,4,2.1,coho,female
2009,6,7/27/2009,3,2.1,coho,male
2009,6,7/27/2009,1,3.1,coho,male
2009,6,7/31/2009,6,2.1,coho,male
2009,6,8/6/2009,2,1.1,coho,female
2009,6,8/6/2009,1,1.1,coho,male
2009,6,8/6/2009,3,2.1,coho,female
2009,6,8/6/2009,2,2.1,coho,male
2009,6,8/10/2009,3,2.1,coho,female
2009,6,8/10/2009,2,2.1,coho,male
2009,6,8/10/2009,1,3.1,coho,male
2009,6,8/13/2009,6,1.1,coho,female
2009,6,8/13/2009,2,1.1,coho,male
2009,6,8/13/2009,2,2.1,coho,female
2009,6,8/13/2009,8,2.1,coho,male
2009,6,8/17/2009,4,1.1,coho,female
2009,6,8/17/2009,5,1.1,coho,male
2009,6,8/17/2009,17,2.1,coho,female
2009,6,8/17/2009,10,2.1,coho,male
2009,6,8/18/2009,2,1.1,coho,female
2009,6,8/18/2009,2,1.1,coho,male
2009,6,8/18/2009,4,2.1,coho,female
2009,6,8/18/2009,3,2.1,coho,male
2009,6,8/18/2009,1,3.1,coho,male
2009,6,8/21/2009,1,1.1,coho,female
2009,6,8/21/2009,1,1.1,coho,male
2009,6,8/21/2009,5,2.1,coho,female
2009,6,8/21/2009,2,2.1,coho,male
2009,6,8/24/2009,3,1.1,coho,female
2009,6,8/24/2009,2,1.1,coho,male
2009,6,8/24/2009,2,2.1,coho,female
2009,6,8/24/2009,4,2.1,coho,male
2009,6,9/4/2009,3,1.1,coho,female
2009,6,9/4/2009,1,1.1,coho,male
2009,6,9/4/2009,5,2.1,coho,female
2009,6,9/4/2009,2,2.1,coho,male
2009,6,9/8/2009,1,1.1,coho,female
2009,6,9/8/2009,1,1.1,coho,male
2009,6,9/8/2009,4,2.1,coho,female
2009,6,9/8/2009,1,2.1,coho,male
2009,6,9/8/2009,1,3.1,coho,male
2009,6,9/10/2009,4,2.1,coho,female
2009,6,9/10/2009,2,2.1,coho,male
2010,5,8/20/2010,4,1.1,coho,female
2010,5,8/20/2010,7,1.1,coho,male
2010,5,8/20/2010,8,2.1,coho,female
2010,5,8/20/2010,12,2.1,coho,male
2010,5,8/20/2010,1,3.1,coho,male
2010,5,8/25/2010,4,1.1,coho,female
2010,5,8/25/2010,7,1.1,coho,male
2010,5,8/25/2010,10,2.1,coho,female
2010,5,8/25/2010,8,2.1,coho,male
2011,5,8/3/2011,1,1.1,coho,male
2011,5,8/3/2011,5,2.1,coho,female
2011,5,8/3/2011,8,2.1,coho,male
2011,5,8/13/2011,3,1.1,coho,female
2011,5,8/13/2011,3,1.1,coho,male
2011,5,8/13/2011,24,2.1,coho,female
2011,5,8/13/2011,32,2.1,coho,male
2011,5,8/13/2011,3,3.1,coho,female
2011,5,8/13/2011,2,3.1,coho,male
2011,5,8/15/2011,2,1.1,coho,female
2011,5,8/15/2011,14,2.1,coho,female
2011,5,8/15/2011,12,2.1,coho,male
2011,5,8/15/2011,1,3.1,coho,female
2011,5,8/20/2011,4,1.1,coho,female
2011,5,8/20/2011,12,1.1,coho,male
2011,5,8/20/2011,19,2.1,coho,female
2011,5,8/20/2011,17,2.1,coho,male
2011,5,8/20/2011,1,3.1,coho,female
2011,5,8/20/2011,2,3.1,coho,male
2011,6,7/28/2011,2,1.1,coho,male
2011,6,7/28/2011,12,2.1,coho,female
2011,6,7/28/2011,18,2.1,coho,male
2011,6,7/28/2011,1,3.1,coho,female
2011,6,7/28/2011,1,3.1,coho,male
2011,6,8/1/2011,1,1.1,coho,female
2011,6,8/1/2011,4,2.1,coho,female
2011,6,8/1/2011,4,2.1,coho,male
2011,6,8/1/2011,2,3.1,coho,female
2011,6,8/1/2011,1,3.1,coho,male
2011,6,8/6/2011,2,1.1,coho,male
2011,6,8/6/2011,4,2.1,coho,female
2011,6,8/6/2011,8,2.1,coho,male
2011,6,8/6/2011,1,3.1,coho,male
2011,6,8/15/2011,2,1.1,coho,female
2011,6,8/15/2011,4,1.1,coho,male
2011,6,8/15/2011,28,2.1,coho,female
2011,6,8/15/2011,22,2.1,coho,male
2011,6,8/15/2011,1,3.1,coho,female
2011,6,8/15/2011,2,3.1,coho,male
2011,6,8/16/2011,2,1.1,coho,female
2011,6,8/16/2011,1,1.1,coho,male
2011,6,8/16/2011,6,2.1,coho,female
2011,6,8/16/2011,1,2.1,coho,male
2011,6,8/16/2011,1,3.1,coho,male
2011,6,8/19/2011,5,1.1,coho,male
2011,6,8/19/2011,1,2.1,coho,female
2011,6,8/19/2011,7,2.1,coho,male
2011,6,8/19/2011,1,3.1,coho,female
2011,6,8/19/2011,2,3.1,coho,male
2011,6,8/29/2011,3,1.1,coho,female
2011,6,8/29/2011,5,1.1,coho,male
2011,6,8/29/2011,1,2.1,coho,female
2011,6,8/29/2011,4,2.1,coho,male
2011,6,9/1/2011,4,1.1,coho,female
2011,6,9/1/2011,4,1.1,coho,male
2011,6,9/1/2011,2,2.1,coho,female
2011,6,9/1/2011,1,3.1,coho,female
2012,5,8/8/2012,4,1.1,coho,female
2012,5,8/8/2012,5,1.1,coho,male
2012,5,8/8/2012,8,2.1,coho,female
2012,5,8/8/2012,14,2.1,coho,male
2012,5,8/8/2012,2,3.1,coho,female
2012,5,8/9/2012,2,1.1,coho,female
2012,5,8/9/2012,9,2.1,coho,female
2012,5,8/9/2012,8,2.1,coho,male
2012,5,8/15/2012,3,1.1,coho,female
2012,5,8/15/2012,8,1.1,coho,male
2012,5,8/15/2012,5,2.1,coho,female
2012,5,8/15/2012,9,2.1,coho,male
2012,5,8/15/2012,1,3.1,coho,male
2012,5,9/1/2012,5,1.1,coho,female
2012,5,9/1/2012,9,1.1,coho,male
2012,5,9/1/2012,6,2.1,coho,female
2012,5,9/1/2012,4,2.1,coho,male
2012,5,9/5/2012,7,1.1,coho,female
2012,5,9/5/2012,6,1.1,coho,male
2012,5,9/5/2012,2,2.1,coho,female
2012,5,9/5/2012,3,2.1,coho,male
2012,5,9/5/2012,1,3.1,coho,male
2012,6,7/30/2012,1,1.1,coho,female
2012,6,7/30/2012,1,1.1,coho,male
2012,6,7/30/2012,6,2.1,coho,female
2012,6,7/30/2012,11,2.1,coho,male
2012,6,8/2/2012,1,1.1,coho,male
2012,6,8/2/2012,7,2.1,coho,female
2012,6,8/2/2012,9,2.1,coho,male
2012,6,8/2/2012,1,3.1,coho,male
2012,6,8/7/2012,2,1.1,coho,female
2012,6,8/7/2012,8,2.1,coho,female
2012,6,8/7/2012,6,2.1,coho,male
2012,6,8/7/2012,1,3.1,coho,female
2012,6,8/13/2012,3,1.1,coho,female
2012,6,8/13/2012,7,1.1,coho,male
2012,6,8/13/2012,8,2.1,coho,female
2012,6,8/13/2012,16,2.1,coho,male
2012,6,8/13/2012,1,3.1,coho,female
2012,6,8/21/2012,3,1.1,coho,female
2012,6,8/21/2012,8,1.1,coho,male
2012,6,8/21/2012,5,2.1,coho,female
2012,6,8/21/2012,16,2.1,coho,male
2012,6,8/21/2012,1,3.1,coho,male
2012,6,8/23/2012,3,1.1,coho,female
2012,6,8/23/2012,5,1.1,coho,male
2012,6,8/23/2012,2,2.1,coho,female
2012,6,8/23/2012,7,2.1,coho,male
2012,6,8/27/2012,1,1.1,coho,female
2012,6,8/27/2012,4,1.1,coho,male
2012,6,8/27/2012,6,2.1,coho,female
2012,6,8/27/2012,9,2.1,coho,male
2012,6,8/30/2012,5,1.1,coho,female
2012,6,8/30/2012,6,1.1,coho,male
2012,6,8/30/2012,2,2.1,coho,female
2012,6,8/30/2012,4,2.1,coho,male
2012,6,8/30/2012,2,3.1,coho,male
2013,5,8/13/2013,9,1.1,coho,female
2013,5,8/13/2013,10,1.1,coho,male
2013,5,8/13/2013,28,2.1,coho,female
2013,5,8/13/2013,23,2.1,coho,male
2013,5,8/16/2013,4,1.1,coho,male
2013,5,8/16/2013,5,2.1,coho,female
2013,5,8/16/2013,11,2.1,coho,male
2013,5,8/16/2013,6,2.2,coho,male
2013,5,8/16/2013,1,3.1,coho,male
2013,5,8/17/2013,1,1.1,coho,male
2013,5,8/17/2013,5,2.1,coho,female
2013,5,8/17/2013,2,2.1,coho,male
2013,5,8/17/2013,2,2.2,coho,female
2013,5,8/21/2013,3,1.1,coho,female
2013,5,8/21/2013,3,1.1,coho,male
2013,5,8/21/2013,4,2.1,coho,female
2013,5,8/21/2013,5,2.1,coho,male
2013,5,8/21/2013,1,2.2,coho,female
2013,5,8/24/2013,4,1.1,coho,female
2013,5,8/24/2013,4,1.1,coho,male
2013,5,8/24/2013,1,2.1,coho,female
2013,5,8/24/2013,6,2.1,coho,male
2013,5,8/24/2013,1,2.2,coho,female
2013,5,8/24/2013,2,2.2,coho,male
2013,5,8/27/2013,6,1.1,coho,female
2013,5,8/27/2013,8,1.1,coho,male
2013,5,8/27/2013,1,2.1,coho,female
2013,5,8/27/2013,2,2.1,coho,male
2013,5,8/27/2013,1,3.1,coho,male
2013,5,9/3/2013,4,1.1,coho,female
2013,5,9/3/2013,3,1.1,coho,male
2013,5,9/3/2013,2,2.1,coho,female
2013,5,9/3/2013,1,2.1,coho,male
2013,6,7/22/2013,1,1.1,coho,female
2013,6,7/22/2013,1,1.1,coho,male
2013,6,7/22/2013,1,2.1,coho,female
2013,6,7/22/2013,5,2.1,coho,male
2013,6,7/24/2013,5,2.1,coho,female
2013,6,7/24/2013,3,2.1,coho,male
2013,6,8/1/2013,1,1.1,coho,female
2013,6,8/1/2013,1,1.1,coho,male
2013,6,8/1/2013,5,2.1,coho,female
2013,6,8/1/2013,4,2.1,coho,male
2013,6,8/5/2013,1,1.1,coho,female
2013,6,8/5/2013,4,1.1,coho,male
2013,6,8/5/2013,14,2.1,coho,female
2013,6,8/5/2013,16,2.1,coho,male
2013,6,8/15/2013,2,1.1,coho,female
2013,6,8/15/2013,3,1.1,coho,male
2013,6,8/15/2013,18,2.1,coho,female
2013,6,8/15/2013,13,2.1,coho,male
2013,6,8/15/2013,1,3.1,coho,female
2013,6,8/15/2013,1,3.1,coho,male
2013,6,8/19/2013,3,1.1,coho,female
2013,6,8/19/2013,3,1.1,coho,male
2013,6,8/19/2013,6,2.1,coho,female
2013,6,8/19/2013,4,2.1,coho,male
2013,6,8/19/2013,1,2.2,coho,female
2013,6,8/19/2013,1,2.2,coho,male
2013,6,8/23/2013,2,1.1,coho,female
2013,6,8/23/2013,7,1.1,coho,male
2013,6,8/23/2013,7,2.1,coho,female
2013,6,8/23/2013,3,2.1,coho,male
2013,6,8/27/2013,2,1.1,coho,female
2013,6,8/27/2013,2,1.1,coho,male
2013,6,8/27/2013,1,2.1,coho,female
2013,6,8/27/2013,3,2.1,coho,male
2013,6,8/27/2013,1,2.2,coho,female
2013,6,8/27/2013,1,2.2,coho,male
2013,6,8/29/2013,1,1.1,coho,female
2013,6,8/29/2013,1,1.1,coho,male
2013,6,8/29/2013,6,2.1,coho,female
2013,6,8/29/2013,2,2.1,coho,male
2013,6,9/5/2013,4,2.1,coho,female
2013,6,9/5/2013,3,2.1,coho,male
2014,5,7/28/2014,1,1.1,coho,male
2014,5,7/28/2014,8,2.1,coho,female
2014,5,7/28/2014,8,2.1,coho,male
2014,5,7/28/2014,2,3.1,coho,female
2014,5,8/1/2014,1,1.1,coho,female
2014,5,8/1/2014,3,1.1,coho,male
2014,5,8/1/2014,5,2.1,coho,female
2014,5,8/1/2014,9,2.1,coho,male
2014,5,8/8/2014,4,1.1,coho,female
2014,5,8/8/2014,3,1.1,coho,male
2014,5,8/8/2014,13,2.1,coho,female
2014,5,8/8/2014,16,2.1,coho,male
2014,5,8/11/2014,2,1.1,coho,female
2014,5,8/11/2014,2,1.1,coho,male
2014,5,8/11/2014,5,2.1,coho,female
2014,5,8/11/2014,11,2.1,coho,male
2014,5,8/13/2014,2,1.1,coho,female
2014,5,8/13/2014,4,1.1,coho,male
2014,5,8/13/2014,5,2.1,coho,female
2014,5,8/13/2014,6,2.1,coho,male
2014,5,8/17/2014,2,1.1,coho,female
2014,5,8/17/2014,3,1.1,coho,male
2014,5,8/17/2014,7,2.1,coho,female
2014,5,8/17/2014,3,2.1,coho,male
2014,5,8/17/2014,2,3.1,coho,male
2014,5,8/18/2014,4,1.1,coho,female
2014,5,8/18/2014,2,1.1,coho,male
2014,5,8/18/2014,5,2.1,coho,female
2014,5,8/18/2014,6,2.1,coho,male
2014,5,8/21/2014,5,1.1,coho,female
2014,5,8/21/2014,5,1.1,coho,male
2014,5,8/21/2014,3,2.1,coho,female
2014,5,8/21/2014,2,2.1,coho,male
2014,5,8/21/2014,1,3.1,coho,male
2014,5,8/25/2014,4,1.1,coho,female
2014,5,8/25/2014,3,1.1,coho,male
2014,5,8/28/2014,3,1.1,coho,male
2014,5,8/28/2014,3,2.1,coho,female
2014,5,8/28/2014,2,2.1,coho,male
2014,6,7/30/2014,2,1.1,coho,female
2014,6,7/30/2014,1,1.1,coho,male
2014,6,7/30/2014,16,2.1,coho,female
2014,6,7/30/2014,16,2.1,coho,male
2014,6,8/4/2014,1,1.1,coho,female
2014,6,8/4/2014,3,1.1,coho,male
2014,6,8/4/2014,10,2.1,coho,female
2014,6,8/4/2014,5,2.1,coho,male
2014,6,8/8/2014,5,1.1,coho,female
2014,6,8/8/2014,5,2.1,coho,female
2014,6,8/8/2014,9,2.1,coho,male
2014,6,8/9/2014,3,1.1,coho,female
2014,6,8/9/2014,3,1.1,coho,male
2014,6,8/9/2014,6,2.1,coho,female
2014,6,8/9/2014,5,2.1,coho,male
2014,6,8/13/2014,2,1.1,coho,female
2014,6,8/13/2014,4,1.1,coho,male
2014,6,8/13/2014,6,2.1,coho,female
2014,6,8/13/2014,8,2.1,coho,male
2014,6,8/16/2014,3,1.1,coho,female
2014,6,8/16/2014,2,1.1,coho,male
2014,6,8/16/2014,7,2.1,coho,female
2014,6,8/16/2014,6,2.1,coho,male
2014,6,8/18/2014,1,1.1,coho,female
2014,6,8/18/2014,3,1.1,coho,male
2014,6,8/18/2014,4,2.1,coho,female
2014,6,8/18/2014,1,2.1,coho,male
2014,6,8/20/2014,1,1.1,coho,female
2014,6,8/20/2014,1,1.1,coho,male
2014,6,8/20/2014,4,2.1,coho,female
2014,6,8/20/2014,3,2.1,coho,male
2014,6,8/20/2014,1,3.1,coho,male
2014,6,8/21/2014,2,1.1,coho,female
2014,6,8/21/2014,6,1.1,coho,male
2014,6,8/21/2014,3,2.1,coho,female
2014,6,8/21/2014,6,2.1,coho,male
2014,6,8/24/2014,1,1.1,coho,male
2014,6,8/24/2014,3,2.1,coho,female
2014,6,8/24/2014,6,2.1,coho,male
2014,6,8/27/2014,1,1.1,coho,female
2014,6,8/27/2014,3,1.1,coho,male
2014,6,8/27/2014,2,2.1,coho,female
2014,6,8/27/2014,3,2.1,coho,male
2015,5,7/27/2015,1,1.1,coho,female
2015,5,7/27/2015,5,1.1,coho,male
2015,5,7/27/2015,11,2.1,coho,female
2015,5,7/27/2015,14,2.1,coho,male
2015,5,7/27/2015,1,3.1,coho,female
2015,5,7/27/2015,2,3.1,coho,male
2015,5,7/31/2015,5,2.1,coho,female
2015,5,7/31/2015,4,2.1,coho,male
2015,5,8/5/2015,3,1.1,coho,female
2015,5,8/5/2015,4,1.1,coho,male
2015,5,8/5/2015,7,2.1,coho,female
2015,5,8/5/2015,12,2.1,coho,male
2015,5,8/5/2015,1,3.1,coho,female
2015,5,8/5/2015,1,3.1,coho,male
2015,5,8/7/2015,7,2.1,coho,female
2015,5,8/7/2015,11,2.1,coho,male
2015,5,8/14/2015,1,1.1,coho,female
2015,5,8/14/2015,3,1.1,coho,male
2015,5,8/14/2015,8,2.1,coho,female
2015,5,8/14/2015,7,2.1,coho,male
2015,5,8/17/2015,1,1.1,coho,female
2015,5,8/17/2015,1,1.1,coho,male
2015,5,8/17/2015,7,2.1,coho,female
2015,5,8/17/2015,9,2.1,coho,male
2015,5,8/17/2015,2,3.1,coho,female
2015,5,8/17/2015,2,3.1,coho,male
2015,5,8/22/2015,5,1.1,coho,female
2015,5,8/22/2015,3,1.1,coho,male
2015,5,8/22/2015,8,2.1,coho,female
2015,5,8/22/2015,4,2.1,coho,male
2015,5,9/1/2015,4,1.1,coho,female
2015,5,9/1/2015,6,1.1,coho,male
2015,5,9/1/2015,9,2.1,coho,female
2015,5,9/1/2015,6,2.1,coho,male
2015,5,9/1/2015,2,3.1,coho,female
2015,6,7/27/2015,2,1.1,coho,female
2015,6,7/27/2015,9,2.1,coho,female
2015,6,7/27/2015,13,2.1,coho,male
2015,6,8/3/2015,4,1.1,coho,female
2015,6,8/3/2015,2,1.1,coho,male
2015,6,8/3/2015,4,2.1,coho,female
2015,6,8/3/2015,9,2.1,coho,male
2015,6,8/6/2015,3,1.1,coho,female
2015,6,8/6/2015,4,1.1,coho,male
2015,6,8/6/2015,6,2.1,coho,female
2015,6,8/6/2015,11,2.1,coho,male
2015,6,8/6/2015,1,3.1,coho,male
2015,6,8/10/2015,8,2.1,coho,female
2015,6,8/10/2015,6,2.1,coho,male
2015,6,8/10/2015,1,3.1,coho,male
2015,6,8/13/2015,1,1.1,coho,male
2015,6,8/13/2015,7,2.1,coho,female
2015,6,8/13/2015,7,2.1,coho,male
2015,6,8/18/2015,3,1.1,coho,female
2015,6,8/18/2015,14,2.1,coho,female
2015,6,8/18/2015,7,2.1,coho,male
2015,6,8/18/2015,1,3.1,coho,female
2015,6,8/18/2015,1,3.1,coho,male
2015,6,8/20/2015,3,1.1,coho,female
2015,6,8/20/2015,6,2.1,coho,female
2015,6,8/20/2015,7,2.1,coho,male
2015,6,8/28/2015,1,1.1,coho,female
2015,6,8/28/2015,3,1.1,coho,male
2015,6,8/28/2015,6,2.1,coho,female
2015,6,8/28/2015,6,2.1,coho,male
2015,6,8/31/2015,1,1.1,coho,female
2015,6,8/31/2015,2,2.1,coho,female
2015,6,8/31/2015,5,2.1,coho,male
2016,5,8/2/2016,1,1.1,coho,male
2016,5,8/2/2016,3,2.1,coho,female
2016,5,8/2/2016,18,2.1,coho,male
2016,5,8/2/2016,2,3.1,coho,male
2016,5,8/9/2016,1,1.1,coho,female
2016,5,8/9/2016,1,1.1,coho,male
2016,5,8/9/2016,11,2.1,coho,female
2016,5,8/9/2016,16,2.1,coho,male
2016,5,8/9/2016,3,3.1,coho,female
2016,5,8/9/2016,3,3.1,coho,male
2016,5,8/10/2016,2,1.1,coho,female
2016,5,8/10/2016,3,1.1,coho,male
2016,5,8/10/2016,9,2.1,coho,female
2016,5,8/10/2016,11,2.1,coho,male
2016,5,8/10/2016,2,3.1,coho,female
2016,5,8/12/2016,1,1.1,coho,female
2016,5,8/12/2016,2,1.1,coho,male
2016,5,8/12/2016,7,2.1,coho,female
2016,5,8/12/2016,8,2.1,coho,male
2016,5,8/12/2016,1,3.1,coho,female
2016,5,8/12/2016,1,3.1,coho,male
2016,5,8/15/2016,1,1.1,coho,female
2016,5,8/15/2016,1,1.1,coho,male
2016,5,8/15/2016,4,2.1,coho,female
2016,5,8/15/2016,2,2.1,coho,male
2016,5,8/18/2016,2,1.1,coho,female
2016,5,8/18/2016,7,2.1,coho,female
2016,5,8/18/2016,4,2.1,coho,male
2016,5,8/18/2016,3,3.1,coho,female
2016,5,8/22/2016,2,1.1,coho,female
2016,5,8/22/2016,3,1.1,coho,male
2016,5,8/22/2016,3,2.1,coho,female
2016,5,8/22/2016,8,2.1,coho,male
2016,5,9/5/2016,9,1.1,coho,female
2016,5,9/5/2016,7,1.1,coho,male
2016,5,9/5/2016,7,2.1,coho,female
2016,5,9/5/2016,5,2.1,coho,male
2016,6,7/26/2016,1,1.1,coho,female
2016,6,7/26/2016,1,2.1,coho,female
2016,6,7/26/2016,4,2.1,coho,male
2016,6,7/26/2016,1,3.1,coho,female
2016,6,7/30/2016,1,1.1,coho,female
2016,6,7/30/2016,1,1.1,coho,male
2016,6,7/30/2016,5,2.1,coho,female
2016,6,7/30/2016,10,2.1,coho,male
2016,6,7/30/2016,1,3.1,coho,female
2016,6,8/2/2016,3,2.1,coho,female
2016,6,8/2/2016,5,2.1,coho,male
2016,6,8/2/2016,1,3.1,coho,female
2016,6,8/3/2016,1,1.1,coho,male
2016,6,8/3/2016,3,2.1,coho,female
2016,6,8/3/2016,3,2.1,coho,male
2016,6,8/3/2016,1,3.1,coho,male
2016,6,8/6/2016,3,1.1,coho,female
2016,6,8/6/2016,2,1.1,coho,male
2016,6,8/6/2016,1,2.1,coho,female
2016,6,8/6/2016,12,2.1,coho,male
2016,6,8/6/2016,1,3.1,coho,male
2016,6,8/10/2016,4,1.1,coho,male
2016,6,8/10/2016,9,2.1,coho,female
2016,6,8/10/2016,9,2.1,coho,male
2016,6,8/10/2016,1,3.1,coho,male
2016,6,8/12/2016,2,1.1,coho,female
2016,6,8/12/2016,3,1.1,coho,male
2016,6,8/12/2016,7,2.1,coho,female
2016,6,8/12/2016,5,2.1,coho,male
2016,6,8/12/2016,1,3.1,coho,female
2016,6,8/12/2016,1,3.1,coho,male
2016,6,8/16/2016,3,1.1,coho,female
2016,6,8/16/2016,4,1.1,coho,male
2016,6,8/16/2016,10,2.1,coho,female
2016,6,8/16/2016,8,2.1,coho,male
2016,6,8/16/2016,1,3.1,coho,female
2016,6,8/21/2016,4,1.1,coho,female
2016,6,8/21/2016,6,2.1,coho,female
2016,6,8/21/2016,2,3.1,coho,female
2016,6,8/21/2016,2,3.1,coho,male
2016,6,8/25/2016,3,1.1,coho,female
2016,6,8/25/2016,6,1.1,coho,male
2016,6,8/25/2016,4,2.1,coho,female
2016,6,8/25/2016,1,3.1,coho,female
2016,6,8/27/2016,3,1.1,coho,female
2016,6,8/27/2016,3,2.1,coho,female
2016,6,8/27/2016,1,2.1,coho,male
2017,5,8/5/2017,1,1.1,coho,female
2017,5,8/5/2017,4,2.1,coho,female
2017,5,8/5/2017,5,2.1,coho,male
2017,5,8/9/2017,1,1.1,coho,female
2017,5,8/9/2017,2,1.1,coho,male
2017,5,8/9/2017,2,2.1,coho,female
2017,5,8/9/2017,3,2.1,coho,male
2017,5,8/15/2017,1,1.1,coho,female
2017,5,8/15/2017,1,1.1,coho,male
2017,5,8/15/2017,3,2.1,coho,female
2017,5,8/15/2017,3,2.1,coho,male
2017,5,8/21/2017,1,1.1,coho,male
2017,5,8/21/2017,5,2.1,coho,female
2017,5,8/21/2017,7,2.1,coho,male
2017,5,8/21/2017,3,3.1,coho,female
2017,5,8/21/2017,1,3.1,coho,male
2017,5,8/28/2017,3,1.1,coho,male
2017,5,8/28/2017,7,2.1,coho,female
2017,5,8/28/2017,3,2.1,coho,male
2017,5,8/28/2017,2,3.1,coho,female
2017,5,8/28/2017,1,3.1,coho,male
2017,5,9/2/2017,1,1.1,coho,female
2017,5,9/2/2017,3,2.1,coho,female
2017,5,9/2/2017,2,2.1,coho,male
2017,5,9/2/2017,2,3.1,coho,male
2017,5,9/3/2017,1,2.1,coho,female
2017,6,8/6/2017,1,1.1,coho,female
2017,6,8/6/2017,1,1.1,coho,male
2017,6,8/6/2017,4,2.1,coho,female
2017,6,8/6/2017,1,2.1,coho,male
2017,6,8/6/2017,1,3.1,coho,male
2017,6,8/9/2017,3,2.1,coho,female
2017,6,8/9/2017,5,2.1,coho,male
2017,6,8/15/2017,2,1.1,coho,female
2017,6,8/15/2017,1,2.1,coho,female
2017,6,8/15/2017,6,2.1,coho,male
2017,6,8/21/2017,4,2.1,coho,female
2017,6,8/21/2017,5,2.1,coho,male
2017,6,8/22/2017,1,2.1,coho,male
2017,6,8/23/2017,2,1.1,coho,female
2017,6,8/23/2017,2,1.1,coho,male
2017,6,8/23/2017,3,2.1,coho,female
2017,6,8/23/2017,2,2.1,coho,male
2017,6,8/24/2017,1,2.1,coho,male
2017,6,8/25/2017,1,2.1,coho,male
2017,6,8/27/2017,1,1.1,coho,female
2017,6,8/28/2017,1,1.1,coho,female
2017,6,8/28/2017,4,2.1,coho,female
2017,6,8/28/2017,2,2.1,coho,male
2017,6,8/29/2017,1,2.1,coho,male
2017,6,8/31/2017,1,1.1,coho,male
2017,6,8/31/2017,3,2.1,coho,female
2017,6,8/31/2017,3,2.1,coho,male
2017,6,8/31/2017,1,3.1,coho,female
2017,6,8/31/2017,1,3.1,coho,male
2017,6,9/4/2017,7,1.1,coho,female
2017,6,9/4/2017,6,1.1,coho,male
2017,6,9/4/2017,7,2.1,coho,female
2017,6,9/4/2017,10,2.1,coho,male
2017,6,9/4/2017,1,3.1,coho,female
2017,6,9/4/2017,1,3.1,coho,male
2017,6,9/7/2017,1,1.1,coho,female
2017,6,9/7/2017,2,1.1,coho,male
2017,6,9/7/2017,3,2.1,coho,female
2017,6,9/7/2017,2,2.1,coho,male
2017,6,9/13/2017,6,1.1,coho,female
2017,6,9/13/2017,2,1.1,coho,male
2017,6,9/13/2017,4,2.1,coho,female
2017,6,9/13/2017,3,2.1,coho,male
2017,6,9/14/2017,3,1.1,coho,female
2017,6,9/14/2017,3,1.1,coho,male
2017,6,9/14/2017,5,2.1,coho,female
2017,6,9/14/2017,6,2.1,coho,male
2017,6,9/15/2017,2,1.1,coho,female
2017,6,9/15/2017,6,1.1,coho,male
2017,6,9/15/2017,3,2.1,coho,female
2017,6,9/15/2017,2,2.1,coho,male
2017,6,9/15/2017,2,3.1,coho,male
2017,6,9/16/2017,2,1.1,coho,female
2017,6,9/16/2017,1,1.1,coho,male
2017,6,9/16/2017,3,2.1,coho,female
2017,6,9/16/2017,2,2.1,coho,male
2018,5,7/26/2018,1,1.1,coho,male
2018,5,7/26/2018,5,2.1,coho,female
2018,5,7/26/2018,3,2.1,coho,male
2018,5,7/26/2018,1,3.1,coho,male
2018,5,8/6/2018,2,1.1,coho,male
2018,5,8/6/2018,2,2.1,coho,female
2018,5,8/6/2018,3,2.1,coho,male
2018,5,8/6/2018,1,3.1,coho,female
2018,5,8/7/2018,4,1.1,coho,female
2018,5,8/7/2018,5,1.1,coho,male
2018,5,8/7/2018,5,2.1,coho,female
2018,5,8/7/2018,3,2.1,coho,male
2018,5,8/7/2018,1,3.1,coho,female
2018,5,8/7/2018,2,3.1,coho,male
2018,5,8/15/2018,3,1.1,coho,female
2018,5,8/15/2018,1,1.1,coho,male
2018,5,8/15/2018,2,2.1,coho,female
2018,5,8/15/2018,4,2.1,coho,male
2018,5,8/22/2018,2,1.1,coho,female
2018,5,8/22/2018,3,1.1,coho,male
2018,5,8/22/2018,7,2.1,coho,female
2018,5,8/22/2018,7,2.1,coho,male
2018,5,8/23/2018,8,1.1,coho,female
2018,5,8/23/2018,6,1.1,coho,male
2018,5,8/23/2018,4,2.1,coho,female
2018,5,8/23/2018,8,2.1,coho,male
2018,5,8/23/2018,1,3.1,coho,female
2018,5,9/14/2018,3,1.1,coho,female
2018,5,9/14/2018,4,1.1,coho,male
2018,5,9/14/2018,6,2.1,coho,female
2018,5,9/14/2018,3,2.1,coho,male
2018,5,9/14/2018,1,3.1,coho,female
2018,6,7/20/2018,1,1.1,coho,male
2018,6,7/20/2018,3,2.1,coho,female
2018,6,7/20/2018,4,2.1,coho,male
2018,6,7/20/2018,1,3.1,coho,male
2018,6,7/26/2018,4,2.1,coho,female
2018,6,7/26/2018,3,2.1,coho,male
2018,6,8/3/2018,1,1.1,coho,female
2018,6,8/3/2018,4,1.1,coho,male
2018,6,8/3/2018,3,2.1,coho,female
2018,6,8/3/2018,4,2.1,coho,male
2018,6,8/3/2018,2,3.1,coho,female
2018,6,8/3/2018,2,3.1,coho,male
2018,6,8/15/2018,3,1.1,coho,female
2018,6,8/15/2018,1,1.1,coho,male
2018,6,8/15/2018,4,2.1,coho,female
2018,6,8/15/2018,5,2.1,coho,male
2018,6,8/15/2018,1,3.1,coho,female
2018,6,8/15/2018,1,3.1,coho,male
2018,6,8/21/2018,7,1.1,coho,female
2018,6,8/21/2018,5,1.1,coho,male
2018,6,8/21/2018,3,2.1,coho,female
2018,6,8/21/2018,1,2.1,coho,male
2018,6,8/21/2018,1,3.1,coho,male
2018,6,8/28/2018,7,1.1,coho,female
2018,6,8/28/2018,6,1.1,coho,male
2018,6,8/28/2018,2,2.1,coho,female
2018,6,8/28/2018,3,2.1,coho,male
2018,6,8/28/2018,1,3.1,coho,male
2018,6,8/29/2018,3,1.1,coho,female
2018,6,8/29/2018,5,1.1,coho,male
2018,6,8/29/2018,6,2.1,coho,female
2018,6,8/29/2018,5,2.1,coho,male
2018,6,8/29/2018,1,3.1,coho,female
2018,6,9/5/2018,8,1.1,coho,female
2018,6,9/5/2018,7,1.1,coho,male
2018,6,9/5/2018,7,2.1,coho,female
2018,6,9/5/2018,7,2.1,coho,male
2018,6,9/12/2018,4,1.1,coho,female
2018,6,9/12/2018,1,2.1,coho,female
2018,6,9/12/2018,3,2.1,coho,male
2018,6,9/14/2018,1,1.1,coho,female
2018,6,9/14/2018,2,1.1,coho,male
2018,6,9/14/2018,2,2.1,coho,female
2018,6,9/14/2018,2,2.1,coho,male
2018,6,9/14/2018,1,3.1,coho,female
2018,6,9/14/2018,1,3.1,coho,male
2019,5,8/8/2019,1,1.1,coho,male
2019,5,8/8/2019,13,2.1,coho,female
2019,5,8/8/2019,13,2.1,coho,male
2019,5,8/12/2019,1,1.1,coho,female
2019,5,8/12/2019,2,1.1,coho,male
2019,5,8/12/2019,2,2.1,coho,female
2019,5,8/12/2019,3,2.1,coho,male
2019,5,8/12/2019,2,3.1,coho,female
2019,5,8/19/2019,7,1.1,coho,female
2019,5,8/19/2019,12,1.1,coho,male
2019,5,8/19/2019,10,2.1,coho,female
2019,5,8/19/2019,5,2.1,coho,male
2019,5,8/19/2019,2,3.1,coho,female
2019,5,8/19/2019,2,3.1,coho,male
2019,5,8/20/2019,1,0.1,coho,male
2019,5,8/20/2019,9,1.1,coho,female
2019,5,8/20/2019,13,1.1,coho,male
2019,5,8/20/2019,7,2.1,coho,female
2019,5,8/20/2019,5,2.1,coho,male
2019,5,8/20/2019,2,3.1,coho,female
2019,6,8/5/2019,3,1.1,coho,female
2019,6,8/5/2019,1,1.1,coho,male
2019,6,8/5/2019,2,2.1,coho,female
2019,6,8/5/2019,1,2.1,coho,male
2019,6,8/8/2019,3,1.1,coho,male
2019,6,8/8/2019,13,2.1,coho,female
2019,6,8/8/2019,8,2.1,coho,male
2019,6,8/8/2019,1,3.1,coho,male
2019,6,8/9/2019,1,1.1,coho,male
2019,6,8/9/2019,5,2.1,coho,female
2019,6,8/9/2019,4,2.1,coho,male
2019,6,8/12/2019,3,1.1,coho,female
2019,6,8/12/2019,2,1.1,coho,male
2019,6,8/12/2019,10,2.1,coho,female
2019,6,8/12/2019,11,2.1,coho,male
2019,6,8/12/2019,1,3.1,coho,female
2019,6,8/14/2019,3,1.1,coho,male
2019,6,8/14/2019,11,2.1,coho,female
2019,6,8/14/2019,7,2.1,coho,male
2019,6,8/14/2019,2,3.1,coho,female
2019,6,8/14/2019,4,3.1,coho,male
2019,6,8/16/2019,1,1.1,coho,male
2019,6,8/16/2019,3,2.1,coho,female
2019,6,8/16/2019,4,2.1,coho,male
2019,6,8/16/2019,1,3.1,coho,female
2019,6,8/29/2019,4,1.1,coho,female
2019,6,8/29/2019,5,1.1,coho,male
2019,6,8/29/2019,13,2.1,coho,female
2019,6,8/29/2019,12,2.1,coho,male
2019,6,8/29/2019,1,3.1,coho,female
2019,6,9/6/2019,8,1.1,coho,female
2019,6,9/6/2019,4,1.1,coho,male
2019,6,9/6/2019,9,2.1,coho,female
2019,6,9/6/2019,13,2.1,coho,male
2019,6,9/6/2019,1,3.1,coho,female
2019,6,9/6/2019,1,3.1,coho,male
2021,5,8/6/2021,4,1.1,coho,male
2021,5,8/6/2021,7,2.1,coho,female
2021,5,8/6/2021,16,2.1,coho,male
2021,5,8/6/2021,1,3.1,coho,female
2021,5,8/6/2021,4,3.1,coho,male
2021,5,8/6/2021,1,4.1,coho,male
2021,5,8/19/2021,5,1.1,coho,female
2021,5,8/19/2021,5,1.1,coho,male
2021,5,8/19/2021,7,2.1,coho,female
2021,5,8/19/2021,8,2.1,coho,male
2021,5,8/19/2021,4,3.1,coho,female
2021,5,8/19/2021,2,3.1,coho,male
2021,5,8/28/2021,7,1.1,coho,female
2021,5,8/28/2021,4,1.1,coho,male
2021,5,8/28/2021,11,2.1,coho,female
2021,5,8/28/2021,9,2.1,coho,male
2021,5,8/28/2021,2,3.1,coho,female
2021,5,8/28/2021,2,3.1,coho,male
2021,5,9/3/2021,7,1.1,coho,female
2021,5,9/3/2021,6,1.1,coho,male
2021,5,9/3/2021,10,2.1,coho,female
2021,5,9/3/2021,8,2.1,coho,male
2021,5,9/3/2021,3,3.1,coho,female
2021,6,8/4/2021,3,1.1,coho,female
2021,6,8/4/2021,1,1.1,coho,male
2021,6,8/4/2021,5,2.1,coho,female
2021,6,8/4/2021,6,2.1,coho,male
2021,6,8/4/2021,1,3.1,coho,female
2021,6,8/4/2021,2,3.1,coho,male
2021,6,8/19/2021,5,1.1,coho,female
2021,6,8/19/2021,7,1.1,coho,male
2021,6,8/19/2021,18,2.1,coho,female
2021,6,8/19/2021,16,2.1,coho,male
2021,6,8/19/2021,3,3.1,coho,female
2021,6,8/19/2021,2,3.1,coho,male
2021,6,8/28/2021,7,1.1,coho,female
2021,6,8/28/2021,11,1.1,coho,male
2021,6,8/28/2021,6,2.1,coho,female
2021,6,8/28/2021,8,2.1,coho,male
2021,6,8/28/2021,1,3.1,coho,female
2021,6,8/28/2021,2,3.1,coho,male
2021,6,9/3/2021,8,1.1,coho,female
2021,6,9/3/2021,7,1.1,coho,male
2021,6,9/3/2021,6,2.1,coho,female
2021,6,9/3/2021,8,2.1,coho,male
2021,6,9/3/2021,2,3.1,coho,male
