capture.loc,date,year,fish,species
5,17-Jul,1985,1,coho
5,18-Jul,1985,1,coho
5,19-Jul,1985,2,coho
5,20-Jul,1985,2,coho
5,22-Jul,1985,1,coho
5,23-Jul,1985,8,coho
5,24-Jul,1985,1,coho
5,27-Jul,1985,6,coho
5,29-Jul,1985,11,coho
5,30-Jul,1985,90,coho
5,31-Jul,1985,95,coho
5,2-Aug,1985,82,coho
5,3-Aug,1985,89,coho
5,5-Aug,1985,26,coho
5,6-Aug,1985,74,coho
5,7-Aug,1985,4,coho
5,13-Aug,1985,316,coho
5,14-Aug,1985,241,coho
5,17-Aug,1985,538,coho
5,19-Aug,1985,56,coho
5,20-Aug,1985,255,coho
5,21-Aug,1985,110,coho
5,22-Aug,1985,89,coho
5,23-Aug,1985,618,coho
5,24-Aug,1985,92,coho
6,15-Jul,1985,1,coho
6,16-Jul,1985,1,coho
6,17-Jul,1985,3,coho
6,19-Jul,1985,6,coho
6,20-Jul,1985,9,coho
6,22-Jul,1985,6,coho
6,23-Jul,1985,20,coho
6,24-Jul,1985,19,coho
6,25-Jul,1985,8,coho
6,26-Jul,1985,109,coho
6,27-Jul,1985,161,coho
6,29-Jul,1985,121,coho
6,30-Jul,1985,182,coho
6,31-Jul,1985,265,coho
6,1-Aug,1985,66,coho
6,2-Aug,1985,390,coho
6,3-Aug,1985,573,coho
6,5-Aug,1985,326,coho
6,6-Aug,1985,689,coho
6,7-Aug,1985,687,coho
6,8-Aug,1985,44,coho
6,9-Aug,1985,799,coho
6,10-Aug,1985,617,coho
6,12-Aug,1985,462,coho
6,13-Aug,1985,665,coho
6,14-Aug,1985,342,coho
6,15-Aug,1985,690,coho
6,16-Aug,1985,997,coho
6,17-Aug,1985,1001,coho
6,19-Aug,1985,401,coho
6,20-Aug,1985,452,coho
6,21-Aug,1985,975,coho
6,22-Aug,1985,65,coho
6,23-Aug,1985,1046,coho
6,24-Aug,1985,560,coho
6,26-Aug,1985,274,coho
6,27-Aug,1985,1051,coho
6,29-Aug,1985,262,coho
6,30-Aug,1985,537,coho
6,3-Sep,1985,365,coho
6,5-Sep,1985,7,coho
6,6-Sep,1985,167,coho
5,14-Jul,1986,1,coho
5,16-Jul,1986,2,coho
5,22-Jul,1986,31,coho
5,23-Jul,1986,25,coho
5,28-Jul,1986,109,coho
5,29-Jul,1986,79,coho
5,31-Jul,1986,18,coho
5,1-Aug,1986,18,coho
5,2-Aug,1986,414,coho
5,4-Aug,1986,247,coho
5,5-Aug,1986,198,coho
5,6-Aug,1986,256,coho
5,7-Aug,1986,446,coho
5,8-Aug,1986,795,coho
5,9-Aug,1986,1180,coho
5,11-Aug,1986,410,coho
5,12-Aug,1986,94,coho
5,14-Aug,1986,125,coho
5,15-Aug,1986,537,coho
5,16-Aug,1986,242,coho
5,18-Aug,1986,239,coho
5,19-Aug,1986,608,coho
5,20-Aug,1986,16,coho
5,21-Aug,1986,117,coho
5,22-Aug,1986,214,coho
5,23-Aug,1986,83,coho
5,24-Aug,1986,29,coho
5,25-Aug,1986,17,coho
5,26-Aug,1986,64,coho
5,27-Aug,1986,18,coho
6,15-Jul,1986,7,coho
6,16-Jul,1986,3,coho
6,17-Jul,1986,4,coho
6,18-Jul,1986,12,coho
6,19-Jul,1986,3,coho
6,21-Jul,1986,42,coho
6,22-Jul,1986,97,coho
6,23-Jul,1986,29,coho
6,24-Jul,1986,15,coho
6,25-Jul,1986,209,coho
6,26-Jul,1986,118,coho
6,28-Jul,1986,302,coho
6,29-Jul,1986,132,coho
6,30-Jul,1986,169,coho
6,31-Jul,1986,66,coho
6,1-Aug,1986,704,coho
6,2-Aug,1986,344,coho
6,4-Aug,1986,417,coho
6,5-Aug,1986,1081,coho
6,6-Aug,1986,625,coho
6,7-Aug,1986,855,coho
6,8-Aug,1986,1752,coho
6,9-Aug,1986,633,coho
6,11-Aug,1986,465,coho
6,12-Aug,1986,1532,coho
6,13-Aug,1986,1270,coho
6,14-Aug,1986,416,coho
6,15-Aug,1986,1727,coho
6,16-Aug,1986,705,coho
6,18-Aug,1986,350,coho
6,19-Aug,1986,1395,coho
6,20-Aug,1986,770,coho
6,21-Aug,1986,573,coho
6,22-Aug,1986,113,coho
6,23-Aug,1986,311,coho
6,24-Aug,1986,673,coho
6,25-Aug,1986,48,coho
6,26-Aug,1986,423,coho
6,27-Aug,1986,583,coho
6,28-Aug,1986,162,coho
6,29-Aug,1986,485,coho
6,30-Aug,1986,237,coho
6,31-Aug,1986,42,coho
6,1-Sep,1986,41,coho
6,2-Sep,1986,64,coho
6,3-Sep,1986,115,coho
6,4-Sep,1986,5,coho
6,5-Sep,1986,195,coho
6,6-Sep,1986,89,coho
6,7-Sep,1986,172,coho
5,17-Jul,1987,2,coho
5,18-Jul,1987,2,coho
5,27-Jul,1987,33,coho
5,28-Jul,1987,135,coho
5,29-Jul,1987,120,coho
5,3-Aug,1987,105,coho
5,4-Aug,1987,503,coho
5,5-Aug,1987,305,coho
5,6-Aug,1987,131,coho
5,7-Aug,1987,799,coho
5,8-Aug,1987,258,coho
5,10-Aug,1987,621,coho
5,11-Aug,1987,1039,coho
5,12-Aug,1987,437,coho
5,13-Aug,1987,105,coho
5,14-Aug,1987,690,coho
5,15-Aug,1987,401,coho
5,17-Aug,1987,108,coho
5,18-Aug,1987,242,coho
5,19-Aug,1987,158,coho
6,15-Jul,1987,1,coho
6,16-Jul,1987,1,coho
6,27-Jul,1987,44,coho
6,28-Jul,1987,161,coho
6,29-Jul,1987,74,coho
6,3-Aug,1987,288,coho
6,4-Aug,1987,584,coho
6,5-Aug,1987,206,coho
6,6-Aug,1987,965,coho
6,7-Aug,1987,54,coho
6,8-Aug,1987,1810,coho
6,10-Aug,1987,525,coho
6,11-Aug,1987,395,coho
6,12-Aug,1987,784,coho
6,13-Aug,1987,658,coho
6,14-Aug,1987,1675,coho
6,15-Aug,1987,1371,coho
6,17-Aug,1987,467,coho
6,18-Aug,1987,1209,coho
6,19-Aug,1987,708,coho
6,24-Aug,1987,256,coho
6,25-Aug,1987,809,coho
6,26-Aug,1987,182,coho
6,27-Aug,1987,446,coho
6,28-Aug,1987,561,coho
6,1-Sep,1987,293,coho
6,3-Sep,1987,305,coho
6,4-Sep,1987,296,coho
5,15-Jul,1988,1,coho
5,16-Jul,1988,2,coho
5,19-Jul,1988,2,coho
5,20-Jul,1988,4,coho
5,21-Jul,1988,3,coho
5,22-Jul,1988,6,coho
5,23-Jul,1988,1,coho
5,25-Jul,1988,7,coho
5,26-Jul,1988,8,coho
5,27-Jul,1988,2,coho
5,28-Jul,1988,23,coho
5,29-Jul,1988,175,coho
5,30-Jul,1988,111,coho
5,1-Aug,1988,39,coho
5,2-Aug,1988,254,coho
5,3-Aug,1988,201,coho
5,4-Aug,1988,44,coho
5,5-Aug,1988,263,coho
5,6-Aug,1988,145,coho
5,8-Aug,1988,121,coho
5,9-Aug,1988,542,coho
5,10-Aug,1988,209,coho
5,11-Aug,1988,17,coho
5,12-Aug,1988,547,coho
5,13-Aug,1988,10,coho
5,16-Aug,1988,259,coho
5,17-Aug,1988,357,coho
5,18-Aug,1988,111,coho
5,19-Aug,1988,384,coho
5,20-Aug,1988,249,coho
5,23-Aug,1988,285,coho
5,24-Aug,1988,330,coho
5,25-Aug,1988,93,coho
5,26-Aug,1988,483,coho
5,27-Aug,1988,304,coho
5,29-Aug,1988,87,coho
5,30-Aug,1988,233,coho
5,31-Aug,1988,184,coho
6,11-Jul,1988,3,coho
6,15-Jul,1988,2,coho
6,16-Jul,1988,1,coho
6,18-Jul,1988,5,coho
6,19-Jul,1988,1,coho
6,20-Jul,1988,12,coho
6,21-Jul,1988,4,coho
6,22-Jul,1988,15,coho
6,23-Jul,1988,19,coho
6,25-Jul,1988,11,coho
6,26-Jul,1988,3,coho
6,27-Jul,1988,27,coho
6,28-Jul,1988,641,coho
6,30-Jul,1988,589,coho
6,1-Aug,1988,338,coho
6,2-Aug,1988,1586,coho
6,3-Aug,1988,1036,coho
6,4-Aug,1988,197,coho
6,5-Aug,1988,874,coho
6,6-Aug,1988,692,coho
6,8-Aug,1988,511,coho
6,9-Aug,1988,2922,coho
6,10-Aug,1988,1507,coho
6,11-Aug,1988,80,coho
6,12-Aug,1988,1233,coho
6,13-Aug,1988,1115,coho
6,15-Aug,1988,959,coho
6,16-Aug,1988,684,coho
6,17-Aug,1988,559,coho
6,18-Aug,1988,345,coho
6,19-Aug,1988,803,coho
6,20-Aug,1988,635,coho
6,22-Aug,1988,275,coho
6,23-Aug,1988,1046,coho
6,24-Aug,1988,1115,coho
6,25-Aug,1988,18,coho
6,26-Aug,1988,1345,coho
6,27-Aug,1988,890,coho
6,29-Aug,1988,314,coho
6,30-Aug,1988,327,coho
6,31-Aug,1988,242,coho
6,1-Sep,1988,85,coho
6,2-Sep,1988,316,coho
6,3-Sep,1988,415,coho
6,5-Sep,1988,70,coho
6,6-Sep,1988,337,coho
6,7-Sep,1988,61,coho
5,14-Jul,1989,2,coho
5,15-Jul,1989,1,coho
5,17-Jul,1989,3,coho
5,18-Jul,1989,2,coho
5,19-Jul,1989,1,coho
5,20-Jul,1989,34,coho
5,21-Jul,1989,63,coho
5,22-Jul,1989,23,coho
5,27-Jul,1989,166,coho
5,28-Jul,1989,540,coho
5,29-Jul,1989,293,coho
5,31-Jul,1989,209,coho
5,1-Aug,1989,1092,coho
5,2-Aug,1989,834,coho
5,4-Aug,1989,128,coho
5,5-Aug,1989,415,coho
5,7-Aug,1989,692,coho
5,8-Aug,1989,1179,coho
5,9-Aug,1989,324,coho
5,10-Aug,1989,253,coho
5,11-Aug,1989,455,coho
5,12-Aug,1989,136,coho
5,14-Aug,1989,215,coho
5,15-Aug,1989,395,coho
5,16-Aug,1989,198,coho
5,17-Aug,1989,56,coho
5,18-Aug,1989,276,coho
5,19-Aug,1989,81,coho
6,12-Jul,1989,1,coho
6,13-Jul,1989,2,coho
6,14-Jul,1989,7,coho
6,15-Jul,1989,1,coho
6,17-Jul,1989,3,coho
6,18-Jul,1989,34,coho
6,19-Jul,1989,17,coho
6,20-Jul,1989,6,coho
6,21-Jul,1989,191,coho
6,24-Jul,1989,129,coho
6,25-Jul,1989,299,coho
6,26-Jul,1989,545,coho
6,27-Jul,1989,441,coho
6,28-Jul,1989,472,coho
6,29-Jul,1989,908,coho
6,31-Jul,1989,260,coho
6,1-Aug,1989,3097,coho
6,2-Aug,1989,1426,coho
6,3-Aug,1989,8179,coho
6,7-Aug,1989,1226,coho
6,8-Aug,1989,1534,coho
6,9-Aug,1989,1178,coho
6,10-Aug,1989,1212,coho
6,11-Aug,1989,1128,coho
6,12-Aug,1989,145,coho
6,14-Aug,1989,1115,coho
6,15-Aug,1989,2864,coho
6,16-Aug,1989,1689,coho
6,17-Aug,1989,213,coho
6,18-Aug,1989,901,coho
6,19-Aug,1989,1221,coho
6,21-Aug,1989,869,coho
6,22-Aug,1989,1043,coho
6,24-Aug,1989,271,coho
6,25-Aug,1989,270,coho
6,26-Aug,1989,632,coho
6,28-Aug,1989,170,coho
6,29-Aug,1989,776,coho
6,30-Aug,1989,434,coho
6,31-Aug,1989,160,coho
6,1-Sep,1989,148,coho
6,2-Sep,1989,217,coho
6,4-Sep,1989,234,coho
6,5-Sep,1989,59,coho
6,6-Sep,1989,298,coho
5,9-Jul,1990,1,coho
5,11-Jul,1990,1,coho
5,20-Jul,1990,15,coho
5,21-Jul,1990,58,coho
5,23-Jul,1990,42,coho
5,24-Jul,1990,116,coho
5,25-Jul,1990,23,coho
5,26-Jul,1990,18,coho
5,27-Jul,1990,173,coho
5,28-Jul,1990,78,coho
5,30-Jul,1990,63,coho
5,31-Jul,1990,86,coho
5,1-Aug,1990,31,coho
5,2-Aug,1990,343,coho
5,4-Aug,1990,58,coho
5,6-Aug,1990,358,coho
5,7-Aug,1990,465,coho
5,8-Aug,1990,196,coho
5,9-Aug,1990,206,coho
5,10-Aug,1990,233,coho
5,11-Aug,1990,201,coho
5,13-Aug,1990,360,coho
5,14-Aug,1990,819,coho
5,15-Aug,1990,222,coho
5,16-Aug,1990,80,coho
5,17-Aug,1990,329,coho
5,18-Aug,1990,120,coho
6,5-Jul,1990,1,coho
6,7-Jul,1990,1,coho
6,9-Jul,1990,2,coho
6,13-Jul,1990,1,coho
6,14-Jul,1990,1,coho
6,16-Jul,1990,5,coho
6,17-Jul,1990,24,coho
6,18-Jul,1990,33,coho
6,19-Jul,1990,6,coho
6,20-Jul,1990,55,coho
6,21-Jul,1990,91,coho
6,23-Jul,1990,46,coho
6,24-Jul,1990,257,coho
6,25-Jul,1990,293,coho
6,26-Jul,1990,159,coho
6,27-Jul,1990,341,coho
6,28-Jul,1990,190,coho
6,30-Jul,1990,292,coho
6,31-Jul,1990,1068,coho
6,2-Aug,1990,699,coho
6,3-Aug,1990,2413,coho
6,4-Aug,1990,1868,coho
6,6-Aug,1990,1033,coho
6,7-Aug,1990,4330,coho
6,8-Aug,1990,2891,coho
6,9-Aug,1990,1136,coho
6,10-Aug,1990,3429,coho
6,11-Aug,1990,1458,coho
6,13-Aug,1990,1732,coho
6,14-Aug,1990,3970,coho
6,15-Aug,1990,4014,coho
6,16-Aug,1990,133,coho
6,17-Aug,1990,2474,coho
6,18-Aug,1990,4253,coho
6,20-Aug,1990,1269,coho
6,21-Aug,1990,3407,coho
6,22-Aug,1990,1903,coho
6,23-Aug,1990,219,coho
6,24-Aug,1990,2705,coho
6,25-Aug,1990,1032,coho
6,27-Aug,1990,556,coho
6,28-Aug,1990,639,coho
6,29-Aug,1990,792,coho
6,30-Aug,1990,103,coho
6,31-Aug,1990,105,coho
6,1-Sep,1990,341,coho
6,4-Sep,1990,247,coho
5,12-Jul,1991,1,coho
5,16-Jul,1991,2,coho
5,26-Jul,1991,87,coho
5,27-Jul,1991,224,coho
5,30-Jul,1991,542,coho
5,31-Jul,1991,631,coho
5,1-Aug,1991,699,coho
5,2-Aug,1991,41,coho
5,3-Aug,1991,778,coho
5,5-Aug,1991,408,coho
5,6-Aug,1991,1038,coho
5,7-Aug,1991,946,coho
5,8-Aug,1991,805,coho
5,9-Aug,1991,1754,coho
5,10-Aug,1991,408,coho
5,12-Aug,1991,242,coho
5,13-Aug,1991,373,coho
5,14-Aug,1991,386,coho
5,15-Aug,1991,131,coho
5,16-Aug,1991,776,coho
5,17-Aug,1991,474,coho
5,19-Aug,1991,93,coho
5,20-Aug,1991,527,coho
5,21-Aug,1991,248,coho
6,16-Jul,1991,6,coho
6,17-Jul,1991,7,coho
6,25-Jul,1991,650,coho
6,26-Jul,1991,371,coho
6,27-Jul,1991,585,coho
6,29-Jul,1991,362,coho
6,30-Jul,1991,937,coho
6,31-Jul,1991,1762,coho
6,1-Aug,1991,1163,coho
6,2-Aug,1991,1025,coho
6,3-Aug,1991,2228,coho
6,5-Aug,1991,1707,coho
6,6-Aug,1991,5697,coho
6,7-Aug,1991,1596,coho
6,8-Aug,1991,921,coho
6,9-Aug,1991,4159,coho
6,10-Aug,1991,4081,coho
6,12-Aug,1991,3605,coho
6,13-Aug,1991,1367,coho
6,14-Aug,1991,1561,coho
6,15-Aug,1991,796,coho
6,16-Aug,1991,2420,coho
6,17-Aug,1991,1948,coho
6,19-Aug,1991,3495,coho
6,20-Aug,1991,1352,coho
6,21-Aug,1991,1787,coho
6,22-Aug,1991,211,coho
6,23-Aug,1991,1354,coho
6,24-Aug,1991,374,coho
6,26-Aug,1991,119,coho
6,27-Aug,1991,1355,coho
6,28-Aug,1991,1595,coho
6,29-Aug,1991,194,coho
6,30-Aug,1991,986,coho
6,3-Sep,1991,109,coho
6,6-Sep,1991,94,coho
6,7-Sep,1991,54,coho
5,13-Jul,1992,4,coho
5,14-Jul,1992,23,coho
5,15-Jul,1992,6,coho
5,16-Jul,1992,55,coho
5,17-Jul,1992,42,coho
5,20-Jul,1992,111,coho
5,21-Jul,1992,191,coho
5,23-Jul,1992,250,coho
5,24-Jul,1992,141,coho
5,25-Jul,1992,134,coho
5,27-Jul,1992,494,coho
5,28-Jul,1992,516,coho
5,29-Jul,1992,20,coho
5,30-Jul,1992,623,coho
5,31-Jul,1992,757,coho
5,6-Aug,1992,2293,coho
5,7-Aug,1992,3006,coho
5,8-Aug,1992,248,coho
5,10-Aug,1992,142,coho
5,11-Aug,1992,318,coho
5,12-Aug,1992,1357,coho
5,13-Aug,1992,478,coho
5,14-Aug,1992,1248,coho
5,15-Aug,1992,367,coho
5,18-Aug,1992,1201,coho
5,19-Aug,1992,635,coho
6,20-Mar,1992,35,coho
6,8-Jul,1992,1,coho
6,9-Jul,1992,3,coho
6,11-Jul,1992,3,coho
6,13-Jul,1992,7,coho
6,14-Jul,1992,20,coho
6,15-Jul,1992,13,coho
6,16-Jul,1992,30,coho
6,17-Jul,1992,49,coho
6,18-Jul,1992,22,coho
6,20-Jul,1992,428,coho
6,21-Jul,1992,383,coho
6,22-Jul,1992,327,coho
6,23-Jul,1992,204,coho
6,24-Jul,1992,843,coho
6,25-Jul,1992,687,coho
6,27-Jul,1992,570,coho
6,28-Jul,1992,1588,coho
6,29-Jul,1992,2072,coho
6,30-Jul,1992,2024,coho
6,31-Jul,1992,5111,coho
6,1-Aug,1992,4354,coho
6,3-Aug,1992,1295,coho
6,4-Aug,1992,3175,coho
6,5-Aug,1992,2155,coho
6,6-Aug,1992,1915,coho
6,7-Aug,1992,2048,coho
6,8-Aug,1992,2109,coho
6,10-Aug,1992,2317,coho
6,11-Aug,1992,6398,coho
6,12-Aug,1992,3191,coho
6,13-Aug,1992,2812,coho
6,14-Aug,1992,5664,coho
6,15-Aug,1992,2692,coho
6,17-Aug,1992,1107,coho
6,18-Aug,1992,4312,coho
6,19-Aug,1992,2423,coho
6,20-Aug,1992,2412,coho
6,21-Aug,1992,3636,coho
6,22-Aug,1992,2351,coho
6,24-Aug,1992,2063,coho
6,25-Aug,1992,3866,coho
6,26-Aug,1992,3105,coho
6,27-Aug,1992,3502,coho
6,28-Aug,1992,1033,coho
6,29-Aug,1992,41,coho
6,31-Aug,1992,88,coho
5,6-Jul,1993,1,coho
5,13-Jul,1993,1,coho
5,16-Jul,1993,5,coho
5,17-Jul,1993,3,coho
5,18-Jul,1993,4,coho
5,19-Jul,1993,4,coho
5,20-Jul,1993,5,coho
5,21-Jul,1993,3,coho
5,22-Jul,1993,2,coho
5,23-Jul,1993,3,coho
5,4-Aug,1993,340,coho
5,5-Aug,1993,1066,coho
5,8-Aug,1993,443,coho
5,9-Aug,1993,2003,coho
5,11-Aug,1993,915,coho
5,12-Aug,1993,1728,coho
5,13-Aug,1993,1503,coho
5,15-Aug,1993,164,coho
5,16-Aug,1993,330,coho
5,22-Aug,1993,191,coho
5,23-Aug,1993,1207,coho
5,24-Aug,1993,1213,coho
5,25-Aug,1993,374,coho
5,26-Aug,1993,596,coho
5,27-Aug,1993,215,coho
6,25-Jun,1993,1,coho
6,3-Jul,1993,2,coho
6,9-Jul,1993,1,coho
6,10-Jul,1993,1,coho
6,11-Jul,1993,1,coho
6,12-Jul,1993,3,coho
6,13-Jul,1993,2,coho
6,14-Jul,1993,3,coho
6,15-Jul,1993,11,coho
6,16-Jul,1993,11,coho
6,17-Jul,1993,8,coho
6,18-Jul,1993,24,coho
6,19-Jul,1993,4,coho
6,20-Jul,1993,37,coho
6,21-Jul,1993,37,coho
6,22-Jul,1993,24,coho
6,23-Jul,1993,62,coho
6,24-Jul,1993,70,coho
6,1-Aug,1993,92,coho
6,4-Aug,1993,465,coho
6,5-Aug,1993,733,coho
6,6-Aug,1993,849,coho
6,8-Aug,1993,603,coho
6,9-Aug,1993,2978,coho
6,10-Aug,1993,1209,coho
6,11-Aug,1993,2876,coho
6,12-Aug,1993,794,coho
6,13-Aug,1993,733,coho
6,15-Aug,1993,889,coho
6,16-Aug,1993,779,coho
6,17-Aug,1993,1733,coho
6,18-Aug,1993,593,coho
6,19-Aug,1993,163,coho
6,20-Aug,1993,124,coho
6,22-Aug,1993,1512,coho
6,23-Aug,1993,17,coho
6,24-Aug,1993,612,coho
6,25-Aug,1993,661,coho
6,26-Aug,1993,959,coho
6,27-Aug,1993,643,coho
6,29-Aug,1993,613,coho
6,30-Aug,1993,1321,coho
6,31-Aug,1993,1425,coho
6,1-Sep,1993,221,coho
6,2-Sep,1993,720,coho
6,3-Sep,1993,873,coho
6,6-Sep,1993,277,coho
6,7-Sep,1993,128,coho
6,8-Sep,1993,397,coho
5,9-Jul,1994,1,coho
5,12-Jul,1994,6,coho
5,14-Jul,1994,9,coho
5,16-Jul,1994,18,coho
5,17-Jul,1994,30,coho
5,18-Jul,1994,23,coho
5,20-Jul,1994,38,coho
5,21-Jul,1994,81,coho
5,25-Jul,1994,4153,coho
5,28-Jul,1994,6954,coho
5,3-Aug,1994,2713,coho
5,4-Aug,1994,56,coho
5,5-Aug,1994,295,coho
5,6-Aug,1994,880,coho
5,8-Aug,1994,549,coho
5,15-Aug,1994,1990,coho
5,19-Aug,1994,235,coho
5,20-Aug,1994,50,coho
5,22-Aug,1994,92,coho
5,23-Aug,1994,1124,coho
5,24-Aug,1994,179,coho
5,25-Aug,1994,125,coho
5,26-Aug,1994,280,coho
5,27-Aug,1994,289,coho
5,29-Aug,1994,240,coho
5,30-Aug,1994,551,coho
5,31-Aug,1994,210,coho
5,1-Sep,1994,186,coho
5,2-Sep,1994,187,coho
5,3-Sep,1994,130,coho
5,4-Sep,1994,270,coho
5,7-Sep,1994,121,coho
6,21-Jun,1994,1,coho
6,5-Jul,1994,1,coho
6,12-Jul,1994,8,coho
6,14-Jul,1994,10,coho
6,16-Jul,1994,2,coho
6,17-Jul,1994,7,coho
6,18-Jul,1994,48,coho
6,20-Jul,1994,299,coho
6,21-Jul,1994,163,coho
6,23-Jul,1994,139,coho
6,25-Jul,1994,2901,coho
6,26-Jul,1994,3316,coho
6,27-Jul,1994,3089,coho
6,28-Jul,1994,2819,coho
6,29-Jul,1994,3124,coho
6,30-Jul,1994,2462,coho
6,1-Aug,1994,3509,coho
6,2-Aug,1994,2628,coho
6,3-Aug,1994,6358,coho
6,4-Aug,1994,2054,coho
6,5-Aug,1994,6694,coho
6,6-Aug,1994,3508,coho
6,8-Aug,1994,1836,coho
6,9-Aug,1994,2131,coho
6,10-Aug,1994,153,coho
6,11-Aug,1994,1097,coho
6,12-Aug,1994,1898,coho
6,13-Aug,1994,2215,coho
6,15-Aug,1994,1090,coho
6,16-Aug,1994,1368,coho
6,18-Aug,1994,221,coho
6,19-Aug,1994,912,coho
6,20-Aug,1994,20,coho
6,22-Aug,1994,767,coho
6,23-Aug,1994,1807,coho
6,24-Aug,1994,1611,coho
6,25-Aug,1994,941,coho
6,26-Aug,1994,82,coho
6,27-Aug,1994,201,coho
6,29-Aug,1994,260,coho
6,30-Aug,1994,1785,coho
6,31-Aug,1994,335,coho
6,1-Sep,1994,1553,coho
6,2-Sep,1994,1839,coho
6,3-Sep,1994,1241,coho
6,4-Sep,1994,786,coho
6,5-Sep,1994,628,coho
6,6-Sep,1994,583,coho
6,7-Sep,1994,519,coho
5,24-Jul,1995,210,coho
5,26-Jul,1995,109,coho
5,31-Jul,1995,258,coho
5,1-Aug,1995,857,coho
5,2-Aug,1995,332,coho
5,3-Aug,1995,91,coho
5,4-Aug,1995,139,coho
5,7-Aug,1995,1027,coho
5,8-Aug,1995,260,coho
5,9-Aug,1995,519,coho
5,10-Aug,1995,507,coho
5,11-Aug,1995,942,coho
5,12-Aug,1995,903,coho
5,14-Aug,1995,573,coho
5,15-Aug,1995,784,coho
5,16-Aug,1995,828,coho
5,17-Aug,1995,295,coho
5,18-Aug,1995,197,coho
5,19-Aug,1995,323,coho
5,22-Aug,1995,95,coho
5,23-Aug,1995,436,coho
5,24-Aug,1995,276,coho
5,25-Aug,1995,579,coho
5,26-Aug,1995,315,coho
6,10-Jul,1995,1,coho
6,12-Jul,1995,3,coho
6,13-Jul,1995,5,coho
6,14-Jul,1995,2,coho
6,15-Jul,1995,11,coho
6,24-Jul,1995,88,coho
6,25-Jul,1995,592,coho
6,26-Jul,1995,227,coho
6,31-Jul,1995,160,coho
6,1-Aug,1995,1795,coho
6,2-Aug,1995,1047,coho
6,3-Aug,1995,183,coho
6,4-Aug,1995,935,coho
6,5-Aug,1995,898,coho
6,7-Aug,1995,1459,coho
6,8-Aug,1995,2062,coho
6,9-Aug,1995,1080,coho
6,10-Aug,1995,2713,coho
6,11-Aug,1995,2233,coho
6,12-Aug,1995,717,coho
6,14-Aug,1995,971,coho
6,15-Aug,1995,3204,coho
6,16-Aug,1995,2180,coho
6,17-Aug,1995,712,coho
6,18-Aug,1995,869,coho
6,19-Aug,1995,1037,coho
6,21-Aug,1995,613,coho
6,22-Aug,1995,1677,coho
6,23-Aug,1995,854,coho
6,24-Aug,1995,637,coho
6,25-Aug,1995,1221,coho
6,26-Aug,1995,1094,coho
5,27-Jul,1996,471,coho
5,29-Jul,1996,661,coho
5,30-Jul,1996,2271,coho
5,31-Jul,1996,1426,coho
5,3-Aug,1996,60,coho
5,5-Aug,1996,238,coho
5,6-Aug,1996,246,coho
5,6-Aug,1996,1794,coho
5,7-Aug,1996,105,coho
5,7-Aug,1996,1455,coho
5,9-Aug,1996,68,coho
5,10-Aug,1996,652,coho
5,12-Aug,1996,64,coho
5,13-Aug,1996,151,coho
5,13-Aug,1996,403,coho
5,14-Aug,1996,54,coho
5,14-Aug,1996,66,coho
5,15-Aug,1996,74,coho
5,16-Aug,1996,198,coho
5,16-Aug,1996,327,coho
5,17-Aug,1996,14,coho
5,17-Aug,1996,635,coho
5,19-Aug,1996,555,coho
5,20-Aug,1996,640,coho
5,21-Aug,1996,778,coho
5,22-Aug,1996,974,coho
5,23-Aug,1996,1031,coho
5,24-Aug,1996,231,coho
5,27-Aug,1996,25,coho
6,25-Jul,1996,53,coho
6,26-Jul,1996,54,coho
6,27-Jul,1996,3642,coho
6,29-Jul,1996,1806,coho
6,30-Jul,1996,2978,coho
6,31-Jul,1996,5329,coho
6,1-Aug,1996,138,coho
6,3-Aug,1996,1370,coho
6,5-Aug,1996,177,coho
6,5-Aug,1996,1956,coho
6,6-Aug,1996,6144,coho
6,7-Aug,1996,3317,coho
6,8-Aug,1996,1224,coho
6,9-Aug,1996,2143,coho
6,10-Aug,1996,1920,coho
6,12-Aug,1996,1425,coho
6,13-Aug,1996,64,coho
6,13-Aug,1996,1530,coho
6,14-Aug,1996,80,coho
6,14-Aug,1996,1072,coho
6,15-Aug,1996,603,coho
6,16-Aug,1996,1570,coho
6,17-Aug,1996,111,coho
6,17-Aug,1996,1467,coho
6,19-Aug,1996,397,coho
6,19-Aug,1996,100,coho
6,20-Aug,1996,2465,coho
6,20-Aug,1996,42,coho
6,20-Aug,1996,121,coho
6,21-Aug,1996,2516,coho
6,21-Aug,1996,42,coho
6,21-Aug,1996,75,coho
6,22-Aug,1996,504,coho
6,23-Aug,1996,1786,coho
6,23-Aug,1996,75,coho
6,24-Aug,1996,805,coho
6,26-Aug,1996,354,coho
6,27-Aug,1996,1129,coho
6,27-Aug,1996,99,coho
6,28-Aug,1996,464,coho
6,28-Aug,1996,87,coho
6,29-Aug,1996,185,coho
6,30-Aug,1996,78,coho
6,3-Sep,1996,42,coho
6,3-Sep,1996,73,coho
6,4-Sep,1996,179,coho
6,4-Sep,1996,70,coho
6,5-Sep,1996,56,coho
6,7-Sep,1996,27,coho
6,9-Sep,1996,42,coho
6,10-Sep,1996,42,coho
5,4-Aug,1997,51,coho
5,5-Aug,1997,739,coho
5,6-Aug,1997,983,coho
5,7-Aug,1997,124,coho
5,8-Aug,1997,446,coho
5,9-Aug,1997,167,coho
5,11-Aug,1997,110,coho
5,12-Aug,1997,356,coho
5,13-Aug,1997,36,coho
5,14-Aug,1997,54,coho
5,15-Aug,1997,147,coho
5,18-Aug,1997,65,coho
5,19-Aug,1997,544,coho
5,20-Aug,1997,302,coho
5,21-Aug,1997,117,coho
5,22-Aug,1997,453,coho
6,19-Jul,1997,11,coho
6,21-Jul,1997,48,coho
6,22-Jul,1997,31,coho
6,23-Jul,1997,115,coho
6,28-Jul,1997,333,coho
6,29-Jul,1997,604,coho
6,30-Jul,1997,393,coho
6,31-Jul,1997,242,coho
6,1-Aug,1997,1765,coho
6,2-Aug,1997,753,coho
6,4-Aug,1997,504,coho
6,5-Aug,1997,2061,coho
6,6-Aug,1997,4392,coho
6,7-Aug,1997,808,coho
6,8-Aug,1997,3087,coho
6,9-Aug,1997,534,coho
6,11-Aug,1997,113,coho
6,12-Aug,1997,574,coho
6,13-Aug,1997,344,coho
6,14-Aug,1997,365,coho
6,15-Aug,1997,1768,coho
6,16-Aug,1997,746,coho
6,18-Aug,1997,595,coho
6,19-Aug,1997,1257,coho
6,20-Aug,1997,1198,coho
6,21-Aug,1997,844,coho
6,22-Aug,1997,1196,coho
6,23-Aug,1997,1398,coho
5,6-Jul,1998,1,coho
5,13-Jul,1998,1,coho
5,14-Jul,1998,2,coho
5,17-Jul,1998,1,coho
5,27-Jul,1998,132,coho
5,28-Jul,1998,137,coho
5,31-Jul,1998,53,coho
5,1-Aug,1998,83,coho
5,6-Aug,1998,173,coho
5,7-Aug,1998,1897,coho
5,8-Aug,1998,584,coho
5,10-Aug,1998,18,coho
5,21-Aug,1998,135,coho
5,22-Aug,1998,86,coho
5,23-Aug,1998,56,coho
5,24-Aug,1998,62,coho
5,25-Aug,1998,70,coho
5,26-Aug,1998,133,coho
6,10-Jul,1998,2,coho
6,13-Jul,1998,6,coho
6,14-Jul,1998,9,coho
6,15-Jul,1998,23,coho
6,16-Jul,1998,23,coho
6,17-Jul,1998,11,coho
6,18-Jul,1998,25,coho
6,19-Jul,1998,2,coho
6,21-Jul,1998,1,coho
6,27-Jul,1998,347,coho
6,28-Jul,1998,846,coho
6,30-Jul,1998,369,coho
6,31-Jul,1998,2077,coho
6,1-Aug,1998,1421,coho
6,3-Aug,1998,421,coho
6,4-Aug,1998,900,coho
6,5-Aug,1998,1057,coho
6,6-Aug,1998,251,coho
6,7-Aug,1998,1441,coho
6,8-Aug,1998,2896,coho
6,10-Aug,1998,920,coho
6,11-Aug,1998,1480,coho
6,12-Aug,1998,1341,coho
6,13-Aug,1998,93,coho
6,14-Aug,1998,315,coho
6,15-Aug,1998,542,coho
6,17-Aug,1998,233,coho
6,18-Aug,1998,261,coho
6,19-Aug,1998,89,coho
6,21-Aug,1998,255,coho
6,22-Aug,1998,388,coho
6,24-Aug,1998,170,coho
6,25-Aug,1998,944,coho
6,26-Aug,1998,664,coho
6,27-Aug,1998,776,coho
6,28-Aug,1998,901,coho
6,29-Aug,1998,876,coho
6,31-Aug,1998,282,coho
6,1-Sep,1998,387,coho
6,2-Sep,1998,995,coho
6,4-Sep,1998,113,coho
6,5-Sep,1998,381,coho
5,2-Aug,1999,68,coho
5,2-Aug,1999,8,coho
5,3-Aug,1999,66,coho
5,3-Aug,1999,77,coho
5,5-Aug,1999,38,coho
5,5-Aug,1999,10,coho
5,6-Aug,1999,368,coho
5,6-Aug,1999,152,coho
5,9-Aug,1999,142,coho
5,9-Aug,1999,6,coho
5,10-Aug,1999,184,coho
5,10-Aug,1999,9,coho
5,12-Aug,1999,39,coho
5,12-Aug,1999,37,coho
5,13-Aug,1999,70,coho
5,16-Aug,1999,26,coho
5,16-Aug,1999,153,coho
5,17-Aug,1999,347,coho
5,17-Aug,1999,134,coho
5,19-Aug,1999,12,coho
5,19-Aug,1999,8,coho
5,20-Aug,1999,100,coho
5,20-Aug,1999,57,coho
5,26-Aug,1999,51,coho
5,26-Aug,1999,117,coho
5,30-Aug,1999,26,coho
5,31-Aug,1999,11,coho
5,31-Aug,1999,38,coho
5,3-Sep,1999,6,coho
5,3-Sep,1999,8,coho
5,4-Sep,1999,30,coho
6,30-Jul,1999,12,coho
6,2-Aug,1999,187,coho
6,3-Aug,1999,94,coho
6,5-Aug,1999,138,coho
6,6-Aug,1999,495,coho
6,9-Aug,1999,640,coho
6,10-Aug,1999,663,coho
6,12-Aug,1999,77,coho
6,12-Aug,1999,117,coho
6,13-Aug,1999,715,coho
6,13-Aug,1999,1,coho
6,16-Aug,1999,370,coho
6,16-Aug,1999,781,coho
6,17-Aug,1999,1045,coho
6,17-Aug,1999,201,coho
6,19-Aug,1999,83,coho
6,19-Aug,1999,260,coho
6,20-Aug,1999,404,coho
6,20-Aug,1999,99,coho
6,27-Aug,1999,1319,coho
6,30-Aug,1999,19,coho
6,30-Aug,1999,19,coho
6,31-Aug,1999,217,coho
6,31-Aug,1999,117,coho
6,2-Sep,1999,1454,coho
6,2-Sep,1999,737,coho
5,24-Jul,2000,33,coho
5,25-Jul,2000,94,coho
5,27-Jul,2000,12,coho
5,27-Jul,2000,76,coho
5,28-Jul,2000,123,coho
5,1-Aug,2000,50,coho
5,1-Aug,2000,202,coho
5,2-Aug,2000,244,coho
5,4-Aug,2000,5,coho
5,5-Aug,2000,1088,coho
5,7-Aug,2000,536,coho
5,8-Aug,2000,85,coho
5,8-Aug,2000,1436,coho
5,9-Aug,2000,64,coho
5,10-Aug,2000,54,coho
5,11-Aug,2000,21,coho
5,11-Aug,2000,783,coho
5,12-Aug,2000,81,coho
5,12-Aug,2000,112,coho
5,14-Aug,2000,2,coho
5,14-Aug,2000,205,coho
5,15-Aug,2000,798,coho
5,16-Aug,2000,462,coho
5,18-Aug,2000,259,coho
5,19-Aug,2000,448,coho
5,21-Aug,2000,13,coho
5,21-Aug,2000,85,coho
5,22-Aug,2000,222,coho
5,23-Aug,2000,109,coho
5,24-Aug,2000,31,coho
5,25-Aug,2000,46,coho
6,24-Jul,2000,42,coho
6,25-Jul,2000,223,coho
6,27-Jul,2000,40,coho
6,28-Jul,2000,319,coho
6,31-Jul,2000,62,coho
6,1-Aug,2000,1155,coho
6,2-Aug,2000,710,coho
6,4-Aug,2000,607,coho
6,5-Aug,2000,5177,coho
6,7-Aug,2000,2214,coho
6,7-Aug,2000,326,coho
6,7-Aug,2000,238,coho
6,8-Aug,2000,3851,coho
6,8-Aug,2000,31,coho
6,9-Aug,2000,977,coho
6,9-Aug,2000,2172,coho
6,10-Aug,2000,727,coho
6,11-Aug,2000,16,coho
6,11-Aug,2000,2901,coho
6,12-Aug,2000,1351,coho
6,14-Aug,2000,62,coho
6,14-Aug,2000,224,coho
6,15-Aug,2000,931,coho
6,16-Aug,2000,595,coho
6,17-Aug,2000,166,coho
6,18-Aug,2000,1319,coho
6,19-Aug,2000,788,coho
6,19-Aug,2000,5,coho
6,21-Aug,2000,259,coho
6,22-Aug,2000,761,coho
6,23-Aug,2000,473,coho
6,24-Aug,2000,220,coho
6,25-Aug,2000,314,coho
6,26-Aug,2000,75,coho
6,28-Aug,2000,13,coho
6,29-Aug,2000,402,coho
6,30-Aug,2000,57,coho
5,27-Jul,2001,2,coho
5,28-Jul,2001,10,coho
5,30-Jul,2001,41,coho
5,31-Jul,2001,116,coho
5,2-Aug,2001,104,coho
5,3-Aug,2001,147,coho
5,8-Aug,2001,238,coho
5,13-Aug,2001,44,coho
5,15-Aug,2001,230,coho
5,16-Aug,2001,230,coho
5,17-Aug,2001,746,coho
5,18-Aug,2001,162,coho
5,20-Aug,2001,68,coho
5,21-Aug,2001,63,coho
5,22-Aug,2001,81,coho
5,23-Aug,2001,59,coho
5,24-Aug,2001,5,coho
5,24-Aug,2001,82,coho
5,25-Aug,2001,56,coho
5,27-Aug,2001,14,coho
5,28-Aug,2001,166,coho
6,27-Jul,2001,133,coho
6,28-Jul,2001,399,coho
6,30-Jul,2001,40,coho
6,31-Jul,2001,262,coho
6,2-Aug,2001,45,coho
6,3-Aug,2001,442,coho
6,6-Aug,2001,12,coho
6,7-Aug,2001,3398,coho
6,9-Aug,2001,717,coho
6,10-Aug,2001,2029,coho
6,13-Aug,2001,310,coho
6,14-Aug,2001,1011,coho
6,15-Aug,2001,1218,coho
6,16-Aug,2001,151,coho
6,17-Aug,2001,656,coho
6,17-Aug,2001,28,coho
6,18-Aug,2001,1117,coho
6,20-Aug,2001,1,coho
6,21-Aug,2001,567,coho
6,22-Aug,2001,929,coho
6,23-Aug,2001,302,coho
6,24-Aug,2001,3,coho
6,24-Aug,2001,593,coho
6,25-Aug,2001,1,coho
6,25-Aug,2001,223,coho
6,27-Aug,2001,311,coho
6,28-Aug,2001,204,coho
5,29-Jul,2002,69,coho
5,1-Aug,2002,7,coho
5,2-Aug,2002,66,coho
5,5-Aug,2002,14,coho
5,6-Aug,2002,69,coho
5,8-Aug,2002,141,coho
5,9-Aug,2002,100,coho
5,12-Aug,2002,37,coho
5,13-Aug,2002,177,coho
6,26-Jul,2002,6,coho
6,26-Jul,2002,5,coho
6,29-Jul,2002,10,coho
6,30-Jul,2002,66,coho
6,1-Aug,2002,60,coho
6,2-Aug,2002,71,coho
6,6-Aug,2002,147,coho
6,8-Aug,2002,136,coho
6,9-Aug,2002,424,coho
6,13-Aug,2002,66,coho
6,19-Aug,2002,32,coho
6,20-Aug,2002,61,coho
5,7-Aug,2003,64,coho
5,8-Aug,2003,60,coho
5,8-Aug,2003,252,coho
5,9-Aug,2003,165,coho
5,12-Aug,2003,5,coho
5,13-Aug,2003,69,coho
5,14-Aug,2003,93,coho
5,15-Aug,2003,615,coho
5,18-Aug,2003,185,coho
5,19-Aug,2003,478,coho
5,20-Aug,2003,167,coho
5,21-Aug,2003,91,coho
5,22-Aug,2003,402,coho
5,23-Aug,2003,68,coho
5,25-Aug,2003,30,coho
5,26-Aug,2003,401,coho
5,27-Aug,2003,313,coho
5,29-Aug,2003,385,coho
5,30-Aug,2003,188,coho
6,31-Jul,2003,122,coho
6,31-Jul,2003,2,coho
6,1-Aug,2003,273,coho
6,4-Aug,2003,283,coho
6,5-Aug,2003,40,coho
6,5-Aug,2003,1185,coho
6,6-Aug,2003,923,coho
6,7-Aug,2003,348,coho
6,8-Aug,2003,878,coho
6,9-Aug,2003,468,coho
6,11-Aug,2003,70,coho
6,12-Aug,2003,578,coho
6,13-Aug,2003,356,coho
6,14-Aug,2003,155,coho
6,15-Aug,2003,795,coho
6,16-Aug,2003,815,coho
6,18-Aug,2003,264,coho
6,19-Aug,2003,486,coho
6,20-Aug,2003,762,coho
6,21-Aug,2003,244,coho
6,22-Aug,2003,450,coho
6,23-Aug,2003,387,coho
6,25-Aug,2003,14,coho
6,26-Aug,2003,247,coho
6,27-Aug,2003,309,coho
6,28-Aug,2003,429,coho
6,29-Aug,2003,341,coho
6,30-Aug,2003,294,coho
6,1-Sep,2003,85,coho
6,2-Sep,2003,308,coho
6,3-Sep,2003,281,coho
6,4-Sep,2003,144,coho
6,5-Sep,2003,467,coho
6,6-Sep,2003,226,coho
5,28-Jul,2004,158,coho
5,29-Jul,2004,17,coho
5,30-Jul,2004,647,coho
5,31-Jul,2004,36,coho
5,2-Aug,2004,229,coho
5,3-Aug,2004,428,coho
5,4-Aug,2004,660,coho
5,5-Aug,2004,219,coho
5,6-Aug,2004,1049,coho
5,7-Aug,2004,271,coho
5,9-Aug,2004,221,coho
5,10-Aug,2004,685,coho
5,11-Aug,2004,303,coho
5,12-Aug,2004,494,coho
5,15-Aug,2004,489,coho
5,16-Aug,2004,1373,coho
5,17-Aug,2004,709,coho
5,18-Aug,2004,103,coho
5,19-Aug,2004,656,coho
5,20-Aug,2004,440,coho
5,22-Aug,2004,322,coho
5,23-Aug,2004,645,coho
5,24-Aug,2004,178,coho
5,25-Aug,2004,77,coho
5,26-Aug,2004,426,coho
5,27-Aug,2004,333,coho
5,29-Aug,2004,225,coho
5,30-Aug,2004,595,coho
5,31-Aug,2004,481,coho
5,1-Sep,2004,58,coho
5,2-Sep,2004,207,coho
6,26-Jul,2004,220,coho
6,27-Jul,2004,564,coho
6,28-Jul,2004,431,coho
6,29-Jul,2004,608,coho
6,30-Jul,2004,1208,coho
6,31-Jul,2004,221,coho
6,2-Aug,2004,233,coho
6,3-Aug,2004,1668,coho
6,4-Aug,2004,1447,coho
6,5-Aug,2004,998,coho
6,6-Aug,2004,2221,coho
6,7-Aug,2004,901,coho
6,8-Aug,2004,336,coho
6,9-Aug,2004,1304,coho
6,10-Aug,2004,1014,coho
6,11-Aug,2004,942,coho
6,12-Aug,2004,1273,coho
6,13-Aug,2004,722,coho
6,15-Aug,2004,465,coho
6,16-Aug,2004,1154,coho
6,17-Aug,2004,821,coho
6,18-Aug,2004,267,coho
6,19-Aug,2004,1034,coho
6,20-Aug,2004,828,coho
6,22-Aug,2004,272,coho
6,23-Aug,2004,743,coho
6,24-Aug,2004,944,coho
6,25-Aug,2004,461,coho
6,26-Aug,2004,1140,coho
6,27-Aug,2004,1161,coho
6,29-Aug,2004,222,coho
6,30-Aug,2004,904,coho
6,31-Aug,2004,838,coho
6,1-Sep,2004,239,coho
6,2-Sep,2004,658,coho
6,3-Sep,2004,820,coho
5,24-Jul,2005,87,coho
5,25-Jul,2005,196,coho
5,26-Jul,2005,117,coho
5,27-Jul,2005,145,coho
5,28-Jul,2005,789,coho
5,29-Jul,2005,316,coho
5,31-Jul,2005,278,coho
5,1-Aug,2005,2216,coho
5,2-Aug,2005,1885,coho
5,4-Aug,2005,2002,coho
5,8-Aug,2005,699,coho
5,9-Aug,2005,1561,coho
5,11-Aug,2005,1591,coho
5,12-Aug,2005,1245,coho
5,14-Aug,2005,323,coho
5,15-Aug,2005,1135,coho
5,17-Aug,2005,950,coho
5,18-Aug,2005,1067,coho
5,18-Aug,2005,389,coho
5,19-Aug,2005,161,coho
5,22-Aug,2005,986,coho
5,23-Aug,2005,482,coho
5,25-Aug,2005,625,coho
5,26-Aug,2005,183,coho
5,29-Aug,2005,549,coho
5,30-Aug,2005,469,coho
5,1-Sep,2005,979,coho
5,2-Sep,2005,393,coho
6,24-Jul,2005,426,coho
6,25-Jul,2005,1222,coho
6,26-Jul,2005,6,coho
6,26-Jul,2005,808,coho
6,27-Jul,2005,645,coho
6,28-Jul,2005,1713,coho
6,28-Jul,2005,2,coho
6,29-Jul,2005,1082,coho
6,31-Jul,2005,1213,coho
6,1-Aug,2005,3620,coho
6,2-Aug,2005,4025,coho
6,3-Aug,2005,440,coho
6,4-Aug,2005,3440,coho
6,5-Aug,2005,1237,coho
6,7-Aug,2005,392,coho
6,8-Aug,2005,3893,coho
6,9-Aug,2005,3582,coho
6,10-Aug,2005,1388,coho
6,11-Aug,2005,6070,coho
6,12-Aug,2005,3694,coho
6,14-Aug,2005,1906,coho
6,15-Aug,2005,3682,coho
6,17-Aug,2005,1868,coho
6,18-Aug,2005,488,coho
6,18-Aug,2005,3778,coho
6,21-Aug,2005,453,coho
6,22-Aug,2005,2155,coho
6,23-Aug,2005,2766,coho
6,24-Aug,2005,341,coho
6,25-Aug,2005,1834,coho
6,26-Aug,2005,1253,coho
6,28-Aug,2005,319,coho
6,29-Aug,2005,1230,coho
6,30-Aug,2005,985,coho
6,1-Sep,2005,756,coho
6,2-Sep,2005,993,coho
5,21-Jul,2006,436,coho
5,22-Jul,2006,183,coho
5,24-Jul,2006,414,coho
5,25-Jul,2006,321,coho
5,27-Jul,2006,298,coho
5,28-Jul,2006,49,coho
5,30-Jul,2006,461,coho
5,31-Jul,2006,3097,coho
5,1-Aug,2006,757,coho
5,1-Aug,2006,44,coho
5,2-Aug,2006,932,coho
5,3-Aug,2006,4416,coho
5,4-Aug,2006,969,coho
5,6-Aug,2006,196,coho
5,7-Aug,2006,360,coho
5,8-Aug,2006,1058,coho
5,9-Aug,2006,1301,coho
5,10-Aug,2006,3076,coho
5,11-Aug,2006,1482,coho
5,13-Aug,2006,873,coho
5,14-Aug,2006,1154,coho
5,15-Aug,2006,731,coho
5,16-Aug,2006,554,coho
5,17-Aug,2006,818,coho
5,18-Aug,2006,109,coho
5,20-Aug,2006,264,coho
5,21-Aug,2006,1546,coho
5,23-Aug,2006,523,coho
5,24-Aug,2006,1754,coho
5,25-Aug,2006,690,coho
5,27-Aug,2006,739,coho
5,28-Aug,2006,47,coho
5,28-Aug,2006,1568,coho
5,29-Aug,2006,903,coho
5,30-Aug,2006,139,coho
5,31-Aug,2006,115,coho
5,1-Sep,2006,31,coho
5,4-Sep,2006,13,coho
5,5-Sep,2006,32,coho
5,10-Sep,2006,19,coho
6,21-Jul,2006,727,coho
6,22-Jul,2006,1388,coho
6,24-Jul,2006,616,coho
6,25-Jul,2006,2128,coho
6,26-Jul,2006,496,coho
6,27-Jul,2006,2385,coho
6,28-Jul,2006,998,coho
6,29-Jul,2006,2707,coho
6,31-Jul,2006,2612,coho
6,1-Aug,2006,1542,coho
6,2-Aug,2006,59,coho
6,2-Aug,2006,2884,coho
6,3-Aug,2006,3621,coho
6,4-Aug,2006,302,coho
6,4-Aug,2006,125,coho
6,4-Aug,2006,4017,coho
6,6-Aug,2006,2853,coho
6,7-Aug,2006,1774,coho
6,8-Aug,2006,5733,coho
6,8-Aug,2006,431,coho
6,9-Aug,2006,1611,coho
6,10-Aug,2006,5569,coho
6,11-Aug,2006,3072,coho
6,13-Aug,2006,1264,coho
6,14-Aug,2006,5,coho
6,14-Aug,2006,3704,coho
6,15-Aug,2006,4876,coho
6,16-Aug,2006,536,coho
6,17-Aug,2006,2506,coho
6,18-Aug,2006,2503,coho
6,20-Aug,2006,1907,coho
6,21-Aug,2006,3919,coho
6,22-Aug,2006,3351,coho
6,23-Aug,2006,184,coho
6,23-Aug,2006,5956,coho
6,25-Aug,2006,2700,coho
6,27-Aug,2006,1581,coho
6,28-Aug,2006,3053,coho
6,29-Aug,2006,2422,coho
6,31-Aug,2006,1215,coho
6,1-Sep,2006,2828,coho
6,4-Sep,2006,307,coho
6,5-Sep,2006,1173,coho
6,6-Sep,2006,719,coho
6,7-Sep,2006,853,coho
6,8-Sep,2006,610,coho
6,10-Sep,2006,143,coho
6,11-Sep,2006,14,coho
6,11-Sep,2006,713,coho
6,12-Sep,2006,4,coho
6,12-Sep,2006,875,coho
6,13-Sep,2006,3,coho
6,13-Sep,2006,572,coho
6,14-Sep,2006,190,coho
5,18-Jul,2007,160,coho
5,19-Jul,2007,298,coho
5,20-Jul,2007,345,coho
5,21-Jul,2007,295,coho
5,22-Jul,2007,431,coho
5,23-Jul,2007,1050,coho
5,24-Jul,2007,1516,coho
5,25-Jul,2007,521,coho
5,26-Jul,2007,2581,coho
5,27-Jul,2007,410,coho
5,29-Jul,2007,1279,coho
5,30-Jul,2007,2338,coho
5,31-Jul,2007,2018,coho
5,31-Jul,2007,163,coho
5,1-Aug,2007,994,coho
5,2-Aug,2007,2308,coho
5,5-Aug,2007,655,coho
5,6-Aug,2007,310,coho
5,7-Aug,2007,1138,coho
5,8-Aug,2007,2307,coho
5,9-Aug,2007,272,coho
5,10-Aug,2007,1164,coho
5,11-Aug,2007,301,coho
5,13-Aug,2007,576,coho
5,14-Aug,2007,991,coho
5,15-Aug,2007,855,coho
5,16-Aug,2007,1658,coho
5,17-Aug,2007,141,coho
5,19-Aug,2007,621,coho
5,20-Aug,2007,450,coho
5,21-Aug,2007,149,coho
5,22-Aug,2007,74,coho
5,23-Aug,2007,234,coho
5,24-Aug,2007,168,coho
5,26-Aug,2007,175,coho
5,27-Aug,2007,600,coho
5,28-Aug,2007,517,coho
5,29-Aug,2007,342,coho
5,30-Aug,2007,882,coho
5,31-Aug,2007,126,coho
5,2-Sep,2007,44,coho
5,2-Sep,2007,38,coho
5,2-Sep,2007,17,coho
5,3-Sep,2007,208,coho
5,4-Sep,2007,17,coho
5,5-Sep,2007,30,coho
5,6-Sep,2007,43,coho
6,18-Jul,2007,334,coho
6,19-Jul,2007,1316,coho
6,20-Jul,2007,588,coho
6,21-Jul,2007,14,coho
6,21-Jul,2007,1346,coho
6,22-Jul,2007,541,coho
6,23-Jul,2007,1403,coho
6,24-Jul,2007,2017,coho
6,25-Jul,2007,2346,coho
6,26-Jul,2007,5024,coho
6,27-Jul,2007,4297,coho
6,29-Jul,2007,1827,coho
6,30-Jul,2007,9077,coho
6,31-Jul,2007,546,coho
6,31-Jul,2007,6785,coho
6,1-Aug,2007,4233,coho
6,2-Aug,2007,3275,coho
6,5-Aug,2007,1447,coho
6,6-Aug,2007,822,coho
6,7-Aug,2007,1867,coho
6,8-Aug,2007,3960,coho
6,9-Aug,2007,1223,coho
6,10-Aug,2007,3657,coho
6,11-Aug,2007,1057,coho
6,12-Aug,2007,1696,coho
6,13-Aug,2007,4917,coho
6,14-Aug,2007,4230,coho
6,15-Aug,2007,1735,coho
6,16-Aug,2007,2792,coho
6,17-Aug,2007,852,coho
6,19-Aug,2007,541,coho
6,20-Aug,2007,1379,coho
6,21-Aug,2007,788,coho
6,22-Aug,2007,310,coho
6,23-Aug,2007,946,coho
6,24-Aug,2007,1282,coho
6,26-Aug,2007,722,coho
6,27-Aug,2007,1666,coho
6,28-Aug,2007,1587,coho
6,29-Aug,2007,217,coho
6,30-Aug,2007,1314,coho
6,31-Aug,2007,535,coho
6,2-Sep,2007,368,coho
6,2-Sep,2007,2,coho
6,3-Sep,2007,53,coho
6,3-Sep,2007,518,coho
6,4-Sep,2007,288,coho
6,5-Sep,2007,193,coho
6,6-Sep,2007,256,coho
6,6-Sep,2007,7,coho
6,7-Sep,2007,12,coho
6,7-Sep,2007,196,coho
6,7-Sep,2007,14,coho
5,14-Jul,2008,1,coho
5,15-Jul,2008,15,coho
5,17-Jul,2008,57,coho
5,18-Jul,2008,111,coho
5,20-Jul,2008,83,coho
5,21-Jul,2008,909,coho
5,22-Jul,2008,293,coho
5,23-Jul,2008,164,coho
5,24-Jul,2008,400,coho
5,25-Jul,2008,214,coho
5,27-Jul,2008,319,coho
5,28-Jul,2008,838,coho
5,29-Jul,2008,159,coho
5,30-Jul,2008,123,coho
5,31-Jul,2008,44,coho
5,3-Aug,2008,855,coho
5,4-Aug,2008,3932,coho
5,5-Aug,2008,1342,coho
5,6-Aug,2008,1004,coho
5,7-Aug,2008,530,coho
5,7-Aug,2008,1469,coho
5,8-Aug,2008,1959,coho
5,10-Aug,2008,902,coho
5,11-Aug,2008,2354,coho
5,12-Aug,2008,1264,coho
5,12-Aug,2008,452,coho
5,12-Aug,2008,59,coho
5,13-Aug,2008,760,coho
5,14-Aug,2008,2546,coho
5,15-Aug,2008,2484,coho
5,17-Aug,2008,530,coho
5,18-Aug,2008,1601,coho
5,19-Aug,2008,964,coho
5,20-Aug,2008,748,coho
5,21-Aug,2008,655,coho
5,21-Aug,2008,23,coho
5,22-Aug,2008,579,coho
5,24-Aug,2008,299,coho
5,25-Aug,2008,80,coho
5,25-Aug,2008,894,coho
5,26-Aug,2008,380,coho
5,27-Aug,2008,461,coho
5,28-Aug,2008,957,coho
5,29-Aug,2008,501,coho
5,29-Aug,2008,13,coho
5,31-Aug,2008,474,coho
5,1-Sep,2008,2006,coho
5,3-Sep,2008,78,coho
5,4-Sep,2008,422,coho
5,5-Sep,2008,190,coho
5,7-Sep,2008,30,coho
5,8-Sep,2008,43,coho
5,9-Sep,2008,34,coho
5,10-Sep,2008,20,coho
6,8-Jul,2008,1,coho
6,9-Jul,2008,3,coho
6,9-Jul,2008,2,coho
6,10-Jul,2008,1,coho
6,11-Jul,2008,5,coho
6,11-Jul,2008,25,coho
6,11-Jul,2008,1,coho
6,12-Jul,2008,1,coho
6,13-Jul,2008,3,coho
6,14-Jul,2008,3,coho
6,14-Jul,2008,15,coho
6,15-Jul,2008,27,coho
6,17-Jul,2008,157,coho
6,18-Jul,2008,3,coho
6,18-Jul,2008,485,coho
6,20-Jul,2008,46,coho
6,21-Jul,2008,1436,coho
6,22-Jul,2008,1,coho
6,22-Jul,2008,1665,coho
6,23-Jul,2008,394,coho
6,24-Jul,2008,2199,coho
6,25-Jul,2008,1017,coho
6,27-Jul,2008,800,coho
6,28-Jul,2008,3816,coho
6,29-Jul,2008,70,coho
6,29-Jul,2008,1897,coho
6,30-Jul,2008,841,coho
6,31-Jul,2008,425,coho
6,31-Jul,2008,1289,coho
6,1-Aug,2008,121,coho
6,1-Aug,2008,750,coho
6,3-Aug,2008,2504,coho
6,4-Aug,2008,5600,coho
6,5-Aug,2008,4289,coho
6,5-Aug,2008,505,coho
6,5-Aug,2008,349,coho
6,6-Aug,2008,153,coho
6,6-Aug,2008,1752,coho
6,7-Aug,2008,3305,coho
6,8-Aug,2008,1578,coho
6,10-Aug,2008,2637,coho
6,11-Aug,2008,4081,coho
6,12-Aug,2008,2323,coho
6,13-Aug,2008,1141,coho
6,14-Aug,2008,1747,coho
6,15-Aug,2008,2729,coho
6,17-Aug,2008,1097,coho
6,18-Aug,2008,1578,coho
6,19-Aug,2008,1560,coho
6,19-Aug,2008,5,coho
6,20-Aug,2008,818,coho
6,21-Aug,2008,1070,coho
6,22-Aug,2008,857,coho
6,24-Aug,2008,779,coho
6,25-Aug,2008,1136,coho
6,26-Aug,2008,1222,coho
6,27-Aug,2008,1142,coho
6,28-Aug,2008,2620,coho
6,29-Aug,2008,561,coho
6,31-Aug,2008,784,coho
6,1-Sep,2008,1833,coho
6,2-Sep,2008,1607,coho
6,3-Sep,2008,1443,coho
6,4-Sep,2008,1589,coho
6,5-Sep,2008,899,coho
6,7-Sep,2008,12,coho
6,8-Sep,2008,636,coho
6,9-Sep,2008,574,coho
6,10-Sep,2008,592,coho
6,11-Sep,2008,45,coho
6,12-Sep,2008,576,coho
5,10-Jul,2009,5,coho
5,12-Jul,2009,14,coho
5,14-Jul,2009,51,coho
5,16-Jul,2009,49,coho
5,19-Jul,2009,122,coho
5,22-Jul,2009,321,coho
5,26-Jul,2009,11,coho
5,26-Jul,2009,321,coho
5,29-Jul,2009,296,coho
5,29-Jul,2009,23,coho
5,2-Aug,2009,890,coho
5,5-Aug,2009,1386,coho
5,9-Aug,2009,2355,coho
5,12-Aug,2009,1207,coho
5,16-Aug,2009,2582,coho
5,19-Aug,2009,1101,coho
5,23-Aug,2009,826,coho
5,26-Aug,2009,937,coho
5,2-Sep,2009,412,coho
5,6-Sep,2009,27,coho
5,7-Sep,2009,49,coho
5,8-Sep,2009,47,coho
5,10-Sep,2009,31,coho
6,8-Jul,2009,2,coho
6,10-Jul,2009,3,coho
6,10-Jul,2009,5,coho
6,12-Jul,2009,21,coho
6,14-Jul,2009,1,coho
6,14-Jul,2009,2,coho
6,14-Jul,2009,47,coho
6,16-Jul,2009,29,coho
6,19-Jul,2009,2,coho
6,19-Jul,2009,273,coho
6,22-Jul,2009,2,coho
6,22-Jul,2009,534,coho
6,26-Jul,2009,2,coho
6,26-Jul,2009,1794,coho
6,29-Jul,2009,1,coho
6,29-Jul,2009,3372,coho
6,2-Aug,2009,2,coho
6,2-Aug,2009,113,coho
6,2-Aug,2009,21,coho
6,2-Aug,2009,6369,coho
6,5-Aug,2009,20,coho
6,5-Aug,2009,1421,coho
6,6-Aug,2009,1,coho
6,6-Aug,2009,3677,coho
6,7-Aug,2009,2,coho
6,7-Aug,2009,5769,coho
6,9-Aug,2009,6820,coho
6,10-Aug,2009,20,coho
6,10-Aug,2009,4,coho
6,10-Aug,2009,3247,coho
6,12-Aug,2009,7,coho
6,12-Aug,2009,4121,coho
6,16-Aug,2009,6,coho
6,16-Aug,2009,6183,coho
6,19-Aug,2009,4,coho
6,19-Aug,2009,5283,coho
6,23-Aug,2009,1,coho
6,23-Aug,2009,5978,coho
6,23-Aug,2009,1,coho
6,26-Aug,2009,2046,coho
6,30-Aug,2009,479,coho
6,2-Sep,2009,2,coho
6,2-Sep,2009,1708,coho
6,6-Sep,2009,151,coho
6,7-Sep,2009,307,coho
6,8-Sep,2009,156,coho
6,9-Sep,2009,49,coho
6,10-Sep,2009,117,coho
6,11-Sep,2009,55,coho
5,7-Jul,2010,1,coho
5,11-Jul,2010,1,coho
5,13-Jul,2010,1,coho
5,15-Jul,2010,1,coho
5,16-Jul,2010,2,coho
5,19-Jul,2010,6,coho
5,20-Jul,2010,38,coho
5,21-Jul,2010,64,coho
5,23-Jul,2010,184,coho
5,24-Jul,2010,266,coho
5,25-Jul,2010,194,coho
5,26-Jul,2010,101,coho
5,27-Jul,2010,386,coho
5,28-Jul,2010,168,coho
5,29-Jul,2010,114,coho
5,30-Jul,2010,856,coho
5,31-Jul,2010,545,coho
5,2-Aug,2010,268,coho
5,3-Aug,2010,678,coho
5,4-Aug,2010,8,coho
5,4-Aug,2010,272,coho
5,5-Aug,2010,132,coho
5,6-Aug,2010,481,coho
5,7-Aug,2010,488,coho
5,8-Aug,2010,31,coho
5,9-Aug,2010,243,coho
5,10-Aug,2010,54,coho
5,12-Aug,2010,98,coho
5,13-Aug,2010,647,coho
5,14-Aug,2010,99,coho
5,16-Aug,2010,43,coho
5,17-Aug,2010,260,coho
5,18-Aug,2010,42,coho
5,19-Aug,2010,367,coho
5,20-Aug,2010,322,coho
5,21-Aug,2010,747,coho
5,22-Aug,2010,326,coho
5,23-Aug,2010,332,coho
5,24-Aug,2010,1017,coho
5,25-Aug,2010,940,coho
5,26-Aug,2010,91,coho
5,27-Aug,2010,303,coho
5,28-Aug,2010,178,coho
5,30-Aug,2010,92,coho
5,31-Aug,2010,216,coho
5,1-Sep,2010,165,coho
6,7-Jul,2010,1,coho
6,10-Jul,2010,4,coho
6,14-Jul,2010,5,coho
6,14-Jul,2010,1,coho
6,15-Jul,2010,1,coho
6,16-Jul,2010,4,coho
6,17-Jul,2010,21,coho
6,19-Jul,2010,35,coho
6,20-Jul,2010,151,coho
6,21-Jul,2010,2,coho
6,21-Jul,2010,121,coho
6,22-Jul,2010,4,coho
6,23-Jul,2010,265,coho
6,24-Jul,2010,294,coho
6,26-Jul,2010,255,coho
6,27-Jul,2010,563,coho
6,28-Jul,2010,599,coho
6,29-Jul,2010,350,coho
6,30-Jul,2010,777,coho
6,31-Jul,2010,887,coho
6,2-Aug,2010,1112,coho
6,3-Aug,2010,1083,coho
6,4-Aug,2010,901,coho
6,5-Aug,2010,1190,coho
6,6-Aug,2010,1845,coho
6,7-Aug,2010,1585,coho
6,8-Aug,2010,966,coho
6,9-Aug,2010,403,coho
6,10-Aug,2010,1822,coho
6,11-Aug,2010,2011,coho
6,12-Aug,2010,392,coho
6,12-Aug,2010,28,coho
6,13-Aug,2010,2464,coho
6,14-Aug,2010,4,coho
6,14-Aug,2010,856,coho
6,16-Aug,2010,5,coho
6,16-Aug,2010,193,coho
6,17-Aug,2010,1387,coho
6,18-Aug,2010,1243,coho
6,19-Aug,2010,1043,coho
6,20-Aug,2010,490,coho
6,21-Aug,2010,466,coho
6,22-Aug,2010,839,coho
6,23-Aug,2010,475,coho
6,24-Aug,2010,922,coho
6,25-Aug,2010,1,coho
6,25-Aug,2010,687,coho
6,26-Aug,2010,146,coho
6,27-Aug,2010,234,coho
6,28-Aug,2010,432,coho
6,30-Aug,2010,2,coho
6,30-Aug,2010,28,coho
6,30-Aug,2010,304,coho
6,31-Aug,2010,378,coho
6,1-Sep,2010,280,coho
6,2-Sep,2010,83,coho
6,3-Sep,2010,692,coho
6,4-Sep,2010,634,coho
6,5-Sep,2010,512,coho
6,6-Sep,2010,303,coho
6,7-Sep,2010,58,coho
5,6-Jul,2011,1,coho
5,14-Jul,2011,1,coho
5,15-Jul,2011,3,coho
5,16-Jul,2011,2,coho
5,17-Jul,2011,5,coho
5,18-Jul,2011,5,coho
5,19-Jul,2011,14,coho
5,20-Jul,2011,65,coho
5,21-Jul,2011,146,coho
5,22-Jul,2011,119,coho
5,24-Jul,2011,75,coho
5,25-Jul,2011,325,coho
5,26-Jul,2011,281,coho
5,27-Jul,2011,181,coho
5,28-Jul,2011,429,coho
5,31-Jul,2011,348,coho
5,1-Aug,2011,108,coho
5,1-Aug,2011,1065,coho
5,2-Aug,2011,2010,coho
5,6-Aug,2011,519,coho
5,7-Aug,2011,944,coho
5,8-Aug,2011,138,coho
5,10-Aug,2011,601,coho
5,11-Aug,2011,184,coho
5,12-Aug,2011,31,coho
5,14-Aug,2011,2,coho
5,14-Aug,2011,975,coho
5,15-Aug,2011,2723,coho
5,16-Aug,2011,946,coho
5,17-Aug,2011,165,coho
5,18-Aug,2011,254,coho
5,19-Aug,2011,106,coho
5,21-Aug,2011,369,coho
5,22-Aug,2011,1118,coho
5,23-Aug,2011,156,coho
5,24-Aug,2011,13,coho
5,25-Aug,2011,1,coho
5,25-Aug,2011,105,coho
5,26-Aug,2011,113,coho
5,28-Aug,2011,116,coho
5,29-Aug,2011,297,coho
5,30-Aug,2011,2,coho
5,31-Aug,2011,98,coho
5,1-Sep,2011,98,coho
5,2-Sep,2011,84,coho
5,4-Sep,2011,4,coho
5,6-Sep,2011,23,coho
6,10-Jul,2011,2,coho
6,12-Jul,2011,1,coho
6,14-Jul,2011,1,coho
6,14-Jul,2011,16,coho
6,15-Jul,2011,5,coho
6,16-Jul,2011,1,coho
6,16-Jul,2011,10,coho
6,17-Jul,2011,1,coho
6,17-Jul,2011,13,coho
6,18-Jul,2011,51,coho
6,19-Jul,2011,118,coho
6,20-Jul,2011,103,coho
6,20-Jul,2011,1,coho
6,21-Jul,2011,68,coho
6,21-Jul,2011,1,coho
6,22-Jul,2011,118,coho
6,24-Jul,2011,1,coho
6,24-Jul,2011,96,coho
6,25-Jul,2011,1,coho
6,25-Jul,2011,213,coho
6,26-Jul,2011,172,coho
6,27-Jul,2011,2,coho
6,27-Jul,2011,540,coho
6,28-Jul,2011,9,coho
6,28-Jul,2011,793,coho
6,29-Jul,2011,215,coho
6,31-Jul,2011,395,coho
6,1-Aug,2011,2,coho
6,1-Aug,2011,15,coho
6,1-Aug,2011,847,coho
6,2-Aug,2011,3,coho
6,2-Aug,2011,1336,coho
6,5-Aug,2011,170,coho
6,6-Aug,2011,1768,coho
6,7-Aug,2011,1725,coho
6,8-Aug,2011,2667,coho
6,9-Aug,2011,1,coho
6,9-Aug,2011,3,coho
6,9-Aug,2011,1712,coho
6,10-Aug,2011,1303,coho
6,11-Aug,2011,819,coho
6,11-Aug,2011,295,coho
6,12-Aug,2011,814,coho
6,14-Aug,2011,191,coho
6,15-Aug,2011,1229,coho
6,16-Aug,2011,837,coho
6,17-Aug,2011,1088,coho
6,18-Aug,2011,1,coho
6,18-Aug,2011,741,coho
6,19-Aug,2011,664,coho
6,21-Aug,2011,332,coho
6,22-Aug,2011,1705,coho
6,23-Aug,2011,6,coho
6,23-Aug,2011,1350,coho
6,24-Aug,2011,168,coho
6,25-Aug,2011,972,coho
6,26-Aug,2011,627,coho
6,28-Aug,2011,820,coho
6,29-Aug,2011,626,coho
6,30-Aug,2011,373,coho
6,31-Aug,2011,299,coho
6,1-Sep,2011,636,coho
6,2-Sep,2011,272,coho
6,4-Sep,2011,7,coho
6,5-Sep,2011,96,coho
6,6-Sep,2011,51,coho
5,12-Jul,2012,3,coho
5,13-Jul,2012,2,coho
5,14-Jul,2012,1,coho
5,14-Jul,2012,2,coho
5,15-Jul,2012,8,coho
5,16-Jul,2012,2,coho
5,19-Jul,2012,15,coho
5,20-Jul,2012,89,coho
5,21-Jul,2012,102,coho
5,22-Jul,2012,77,coho
5,23-Jul,2012,35,coho
5,30-Jul,2012,640,coho
5,31-Jul,2012,529,coho
5,1-Aug,2012,233,coho
5,2-Aug,2012,687,coho
5,6-Aug,2012,304,coho
5,7-Aug,2012,1290,coho
5,8-Aug,2012,765,coho
5,9-Aug,2012,119,coho
5,10-Aug,2012,231,coho
5,11-Aug,2012,44,coho
5,12-Aug,2012,72,coho
5,13-Aug,2012,360,coho
5,14-Aug,2012,252,coho
5,20-Aug,2012,23,coho
5,22-Aug,2012,180,coho
5,23-Aug,2012,103,coho
5,26-Aug,2012,459,coho
5,27-Aug,2012,418,coho
5,28-Aug,2012,122,coho
5,29-Aug,2012,420,coho
5,30-Aug,2012,22,coho
5,1-Sep,2012,149,coho
5,2-Sep,2012,40,coho
5,4-Sep,2012,10,coho
5,7-Sep,2012,20,coho
6,14-Jul,2012,1,coho
6,14-Jul,2012,1,coho
6,15-Jul,2012,5,coho
6,16-Jul,2012,10,coho
6,18-Jul,2012,6,coho
6,19-Jul,2012,1,coho
6,19-Jul,2012,36,coho
6,20-Jul,2012,199,coho
6,21-Jul,2012,180,coho
6,22-Jul,2012,2,coho
6,22-Jul,2012,91,coho
6,23-Jul,2012,103,coho
6,24-Jul,2012,41,coho
6,25-Jul,2012,122,coho
6,26-Jul,2012,366,coho
6,27-Jul,2012,771,coho
6,29-Jul,2012,249,coho
6,30-Jul,2012,1000,coho
6,31-Jul,2012,394,coho
6,1-Aug,2012,33,coho
6,1-Aug,2012,309,coho
6,2-Aug,2012,25,coho
6,2-Aug,2012,747,coho
6,3-Aug,2012,957,coho
6,4-Aug,2012,642,coho
6,6-Aug,2012,691,coho
6,7-Aug,2012,1722,coho
6,7-Aug,2012,2,coho
6,8-Aug,2012,110,coho
6,8-Aug,2012,1272,coho
6,9-Aug,2012,565,coho
6,10-Aug,2012,712,coho
6,11-Aug,2012,370,coho
6,12-Aug,2012,200,coho
6,13-Aug,2012,696,coho
6,14-Aug,2012,2,coho
6,14-Aug,2012,1,coho
6,14-Aug,2012,863,coho
6,15-Aug,2012,357,coho
6,16-Aug,2012,871,coho
6,16-Aug,2012,2,coho
6,17-Aug,2012,2,coho
6,17-Aug,2012,694,coho
6,19-Aug,2012,130,coho
6,20-Aug,2012,1089,coho
6,21-Aug,2012,2,coho
6,21-Aug,2012,876,coho
6,22-Aug,2012,1,coho
6,22-Aug,2012,231,coho
6,23-Aug,2012,751,coho
6,24-Aug,2012,68,coho
6,26-Aug,2012,323,coho
6,27-Aug,2012,1,coho
6,27-Aug,2012,700,coho
6,28-Aug,2012,34,coho
6,28-Aug,2012,1025,coho
6,29-Aug,2012,571,coho
6,30-Aug,2012,81,coho
6,31-Aug,2012,17,coho
6,1-Sep,2012,12,coho
6,1-Sep,2012,90,coho
6,2-Sep,2012,49,coho
6,3-Sep,2012,212,coho
6,4-Sep,2012,146,coho
6,5-Sep,2012,54,coho
6,6-Sep,2012,94,coho
6,7-Sep,2012,294,coho
5,9-Jul,2013,1,coho
5,12-Jul,2013,2,coho
5,14-Jul,2013,1,coho
5,17-Jul,2013,11,coho
5,18-Jul,2013,70,coho
5,20-Jul,2013,16,coho
5,23-Jul,2013,70,coho
5,24-Jul,2013,55,coho
5,25-Jul,2013,223,coho
5,26-Jul,2013,72,coho
5,27-Jul,2013,87,coho
5,28-Jul,2013,141,coho
5,29-Jul,2013,269,coho
5,30-Jul,2013,297,coho
5,31-Jul,2013,153,coho
5,1-Aug,2013,269,coho
5,2-Aug,2013,100,coho
5,5-Aug,2013,193,coho
5,6-Aug,2013,93,coho
5,7-Aug,2013,69,coho
5,8-Aug,2013,316,coho
5,9-Aug,2013,100,coho
5,11-Aug,2013,27,coho
5,12-Aug,2013,293,coho
5,13-Aug,2013,160,coho
5,15-Aug,2013,236,coho
5,16-Aug,2013,278,coho
5,18-Aug,2013,148,coho
5,19-Aug,2013,809,coho
5,20-Aug,2013,29,coho
5,20-Aug,2013,368,coho
5,21-Aug,2013,123,coho
5,22-Aug,2013,267,coho
5,23-Aug,2013,127,coho
5,25-Aug,2013,189,coho
5,26-Aug,2013,597,coho
5,27-Aug,2013,65,coho
5,28-Aug,2013,206,coho
5,29-Aug,2013,263,coho
5,30-Aug,2013,85,coho
5,1-Sep,2013,7,coho
5,2-Sep,2013,5,coho
6,2-Jul,2013,2,coho
6,9-Jul,2013,1,coho
6,11-Jul,2013,7,coho
6,12-Jul,2013,16,coho
6,13-Jul,2013,8,coho
6,15-Jul,2013,2,coho
6,16-Jul,2013,1,coho
6,16-Jul,2013,39,coho
6,17-Jul,2013,126,coho
6,18-Jul,2013,1,coho
6,18-Jul,2013,109,coho
6,19-Jul,2013,37,coho
6,20-Jul,2013,1,coho
6,20-Jul,2013,286,coho
6,21-Jul,2013,220,coho
6,22-Jul,2013,396,coho
6,23-Jul,2013,107,coho
6,24-Jul,2013,1,coho
6,24-Jul,2013,794,coho
6,25-Jul,2013,2,coho
6,25-Jul,2013,33,coho
6,25-Jul,2013,446,coho
6,26-Jul,2013,529,coho
6,27-Jul,2013,218,coho
6,28-Jul,2013,3,coho
6,28-Jul,2013,1129,coho
6,29-Jul,2013,770,coho
6,30-Jul,2013,3,coho
6,30-Jul,2013,1140,coho
6,31-Jul,2013,289,coho
6,1-Aug,2013,529,coho
6,2-Aug,2013,397,coho
6,2-Aug,2013,1,coho
6,4-Aug,2013,230,coho
6,5-Aug,2013,842,coho
6,5-Aug,2013,55,coho
6,6-Aug,2013,565,coho
6,7-Aug,2013,118,coho
6,8-Aug,2013,789,coho
6,9-Aug,2013,1,coho
6,9-Aug,2013,1057,coho
6,9-Aug,2013,1,coho
6,11-Aug,2013,393,coho
6,12-Aug,2013,1,coho
6,12-Aug,2013,1,coho
6,12-Aug,2013,2361,coho
6,13-Aug,2013,960,coho
6,14-Aug,2013,243,coho
6,15-Aug,2013,1,coho
6,15-Aug,2013,784,coho
6,15-Aug,2013,2,coho
6,16-Aug,2013,825,coho
6,18-Aug,2013,477,coho
6,19-Aug,2013,1807,coho
6,20-Aug,2013,2,coho
6,20-Aug,2013,4,coho
6,20-Aug,2013,1626,coho
6,21-Aug,2013,518,coho
6,22-Aug,2013,2,coho
6,22-Aug,2013,1072,coho
6,23-Aug,2013,43,coho
6,23-Aug,2013,916,coho
6,25-Aug,2013,1030,coho
6,26-Aug,2013,3,coho
6,26-Aug,2013,1928,coho
6,27-Aug,2013,9,coho
6,27-Aug,2013,1118,coho
6,28-Aug,2013,1,coho
6,28-Aug,2013,449,coho
6,29-Aug,2013,1,coho
6,29-Aug,2013,524,coho
6,30-Aug,2013,1,coho
6,30-Aug,2013,3,coho
6,30-Aug,2013,350,coho
6,2-Sep,2013,1,coho
6,2-Sep,2013,133,coho
6,3-Sep,2013,269,coho
6,4-Sep,2013,14,coho
6,5-Sep,2013,103,coho
6,6-Sep,2013,114,coho
5,9-Jul,2014,1,coho
5,10-Jul,2014,1,coho
5,11-Jul,2014,3,coho
5,12-Jul,2014,3,coho
5,13-Jul,2014,3,coho
5,18-Jul,2014,1,coho
5,18-Jul,2014,34,coho
5,20-Jul,2014,15,coho
5,21-Jul,2014,2,coho
5,22-Jul,2014,1,coho
5,22-Jul,2014,159,coho
5,23-Jul,2014,28,coho
5,24-Jul,2014,180,coho
5,25-Jul,2014,77,coho
5,26-Jul,2014,258,coho
5,27-Jul,2014,270,coho
5,28-Jul,2014,184,coho
5,29-Jul,2014,3,coho
5,29-Jul,2014,36,coho
5,30-Jul,2014,239,coho
5,30-Jul,2014,23,coho
5,30-Jul,2014,414,coho
5,30-Jul,2014,18,coho
5,31-Jul,2014,314,coho
5,1-Aug,2014,229,coho
5,2-Aug,2014,1624,coho
5,3-Aug,2014,1401,coho
5,5-Aug,2014,701,coho
5,6-Aug,2014,1586,coho
5,7-Aug,2014,830,coho
5,8-Aug,2014,323,coho
5,9-Aug,2014,1223,coho
5,10-Aug,2014,1015,coho
5,11-Aug,2014,346,coho
5,12-Aug,2014,724,coho
5,13-Aug,2014,1,coho
5,13-Aug,2014,580,coho
5,14-Aug,2014,366,coho
5,15-Aug,2014,43,coho
5,16-Aug,2014,606,coho
5,17-Aug,2014,437,coho
5,19-Aug,2014,25,coho
5,20-Aug,2014,1398,coho
5,21-Aug,2014,1002,coho
5,22-Aug,2014,151,coho
5,23-Aug,2014,436,coho
5,24-Aug,2014,135,coho
5,26-Aug,2014,45,coho
5,27-Aug,2014,567,coho
5,28-Aug,2014,413,coho
5,29-Aug,2014,115,coho
5,30-Aug,2014,372,coho
5,31-Aug,2014,62,coho
5,2-Sep,2014,11,coho
5,3-Sep,2014,182,coho
5,4-Sep,2014,43,coho
5,5-Sep,2014,73,coho
5,6-Sep,2014,258,coho
5,7-Sep,2014,163,coho
6,2-Jul,2014,3,coho
6,4-Jul,2014,1,coho
6,9-Jul,2014,1,coho
6,9-Jul,2014,3,coho
6,10-Jul,2014,1,coho
6,10-Jul,2014,5,coho
6,11-Jul,2014,2,coho
6,12-Jul,2014,25,coho
6,13-Jul,2014,20,coho
6,17-Jul,2014,19,coho
6,18-Jul,2014,106,coho
6,19-Jul,2014,31,coho
6,20-Jul,2014,204,coho
6,21-Jul,2014,316,coho
6,22-Jul,2014,1,coho
6,22-Jul,2014,441,coho
6,23-Jul,2014,2,coho
6,23-Jul,2014,1,coho
6,23-Jul,2014,306,coho
6,24-Jul,2014,1,coho
6,24-Jul,2014,307,coho
6,24-Jul,2014,7,coho
6,25-Jul,2014,101,coho
6,26-Jul,2014,298,coho
6,27-Jul,2014,2,coho
6,27-Jul,2014,524,coho
6,28-Jul,2014,2,coho
6,28-Jul,2014,1,coho
6,28-Jul,2014,723,coho
6,28-Jul,2014,2,coho
6,29-Jul,2014,328,coho
6,30-Jul,2014,1,coho
6,30-Jul,2014,28,coho
6,30-Jul,2014,2190,coho
6,31-Jul,2014,2,coho
6,31-Jul,2014,2488,coho
6,1-Aug,2014,1647,coho
6,2-Aug,2014,1,coho
6,2-Aug,2014,56,coho
6,2-Aug,2014,2860,coho
6,3-Aug,2014,3,coho
6,3-Aug,2014,3448,coho
6,5-Aug,2014,65,coho
6,5-Aug,2014,778,coho
6,6-Aug,2014,2,coho
6,6-Aug,2014,1788,coho
6,7-Aug,2014,1525,coho
6,8-Aug,2014,739,coho
6,9-Aug,2014,2188,coho
6,10-Aug,2014,2572,coho
6,10-Aug,2014,1,coho
6,11-Aug,2014,1074,coho
6,12-Aug,2014,10,coho
6,12-Aug,2014,2399,coho
6,13-Aug,2014,2247,coho
6,13-Aug,2014,35,coho
6,14-Aug,2014,1,coho
6,14-Aug,2014,2679,coho
6,15-Aug,2014,586,coho
6,16-Aug,2014,2140,coho
6,17-Aug,2014,1759,coho
6,19-Aug,2014,1629,coho
6,19-Aug,2014,45,coho
6,20-Aug,2014,6,coho
6,20-Aug,2014,5558,coho
6,21-Aug,2014,3280,coho
6,22-Aug,2014,568,coho
6,23-Aug,2014,1,coho
6,23-Aug,2014,1476,coho
6,24-Aug,2014,2,coho
6,24-Aug,2014,955,coho
6,26-Aug,2014,877,coho
6,26-Aug,2014,30,coho
6,27-Aug,2014,3216,coho
6,28-Aug,2014,1707,coho
6,29-Aug,2014,302,coho
6,30-Aug,2014,1466,coho
6,31-Aug,2014,857,coho
6,2-Sep,2014,263,coho
6,3-Sep,2014,699,coho
6,4-Sep,2014,1,coho
6,4-Sep,2014,381,coho
6,5-Sep,2014,93,coho
6,6-Sep,2014,574,coho
6,7-Sep,2014,226,coho
5,12-Jul,2015,1,coho
5,12-Jul,2015,1,coho
5,13-Jul,2015,1,coho
5,14-Jul,2015,2,coho
5,15-Jul,2015,27,coho
5,15-Jul,2015,2,coho
5,16-Jul,2015,34,coho
5,16-Jul,2015,1,coho
5,19-Jul,2015,7,coho
5,20-Jul,2015,95,coho
5,21-Jul,2015,44,coho
5,22-Jul,2015,42,coho
5,23-Jul,2015,54,coho
5,26-Jul,2015,952,coho
5,27-Jul,2015,261,coho
5,28-Jul,2015,344,coho
5,29-Jul,2015,740,coho
5,30-Jul,2015,2634,coho
5,31-Jul,2015,601,coho
5,2-Aug,2015,1141,coho
5,4-Aug,2015,1572,coho
5,5-Aug,2015,823,coho
5,6-Aug,2015,2377,coho
5,7-Aug,2015,1076,coho
5,9-Aug,2015,719,coho
5,10-Aug,2015,1061,coho
5,11-Aug,2015,332,coho
5,13-Aug,2015,1203,coho
5,14-Aug,2015,1434,coho
5,15-Aug,2015,684,coho
5,16-Aug,2015,1094,coho
5,17-Aug,2015,1,coho
5,17-Aug,2015,2325,coho
5,18-Aug,2015,1088,coho
5,19-Aug,2015,171,coho
5,20-Aug,2015,1235,coho
5,21-Aug,2015,292,coho
5,23-Aug,2015,307,coho
5,27-Aug,2015,20,coho
5,30-Aug,2015,8,coho
5,31-Aug,2015,224,coho
5,1-Sep,2015,241,coho
5,2-Sep,2015,19,coho
5,3-Sep,2015,134,coho
5,4-Sep,2015,213,coho
6,9-Jul,2015,5,coho
6,11-Jul,2015,1,coho
6,12-Jul,2015,9,coho
6,12-Jul,2015,1,coho
6,13-Jul,2015,16,coho
6,13-Jul,2015,1,coho
6,14-Jul,2015,40,coho
6,14-Jul,2015,2,coho
6,15-Jul,2015,35,coho
6,15-Jul,2015,1,coho
6,16-Jul,2015,110,coho
6,16-Jul,2015,1,coho
6,17-Jul,2015,41,coho
6,19-Jul,2015,68,coho
6,20-Jul,2015,379,coho
6,21-Jul,2015,227,coho
6,21-Jul,2015,3,coho
6,22-Jul,2015,401,coho
6,23-Jul,2015,688,coho
6,24-Jul,2015,704,coho
6,26-Jul,2015,1161,coho
6,27-Jul,2015,3849,coho
6,28-Jul,2015,1,coho
6,28-Jul,2015,2766,coho
6,29-Jul,2015,2746,coho
6,30-Jul,2015,1,coho
6,30-Jul,2015,4207,coho
6,31-Jul,2015,9,coho
6,31-Jul,2015,1,coho
6,31-Jul,2015,2873,coho
6,2-Aug,2015,1027,coho
6,3-Aug,2015,2,coho
6,3-Aug,2015,3955,coho
6,4-Aug,2015,1,coho
6,4-Aug,2015,1847,coho
6,5-Aug,2015,2286,coho
6,6-Aug,2015,4345,coho
6,7-Aug,2015,9685,coho
6,9-Aug,2015,861,coho
6,10-Aug,2015,2120,coho
6,11-Aug,2015,4732,coho
6,12-Aug,2015,1049,coho
6,13-Aug,2015,6595,coho
6,14-Aug,2015,5266,coho
6,15-Aug,2015,5090,coho
6,16-Aug,2015,2362,coho
6,17-Aug,2015,6157,coho
6,17-Aug,2015,1,coho
6,18-Aug,2015,1803,coho
6,19-Aug,2015,3,coho
6,19-Aug,2015,2597,coho
6,20-Aug,2015,7029,coho
6,21-Aug,2015,2885,coho
6,23-Aug,2015,1286,coho
6,24-Aug,2015,971,coho
6,25-Aug,2015,152,coho
6,27-Aug,2015,553,coho
6,28-Aug,2015,662,coho
6,30-Aug,2015,32,coho
6,31-Aug,2015,1423,coho
6,1-Sep,2015,1098,coho
6,2-Sep,2015,59,coho
6,3-Sep,2015,762,coho
6,4-Sep,2015,886,coho
6,5-Sep,2015,1081,coho
6,6-Sep,2015,649,coho
5,15-Jul,2016,1,coho
5,22-Jul,2016,10,coho
5,23-Jul,2016,77,coho
5,24-Jul,2016,164,coho
5,26-Jul,2016,196,coho
5,26-Jul,2016,1,coho
5,27-Jul,2016,667,coho
5,28-Jul,2016,215,coho
5,30-Jul,2016,2024,coho
5,1-Aug,2016,348,coho
5,2-Aug,2016,20,coho
5,5-Aug,2016,1240,coho
5,5-Aug,2016,25,coho
5,6-Aug,2016,2160,coho
5,6-Aug,2016,5,coho
5,8-Aug,2016,2266,coho
5,10-Aug,2016,2440,coho
5,10-Aug,2016,9,coho
5,12-Aug,2016,2337,coho
5,12-Aug,2016,1,coho
5,15-Aug,2016,2195,coho
5,21-Aug,2016,1723,coho
5,21-Aug,2016,1,coho
5,23-Aug,2016,3369,coho
5,26-Aug,2016,1894,coho
5,28-Aug,2016,978,coho
5,29-Aug,2016,883,coho
5,2-Sep,2016,360,coho
5,6-Sep,2016,257,coho
6,7-Jul,2016,2,coho
6,12-Jul,2016,7,coho
6,12-Jul,2016,1,coho
6,13-Jul,2016,2,coho
6,14-Jul,2016,6,coho
6,15-Jul,2016,2,coho
6,16-Jul,2016,1,coho
6,20-Jul,2016,14,coho
6,22-Jul,2016,28,coho
6,23-Jul,2016,174,coho
6,23-Jul,2016,1,coho
6,24-Jul,2016,221,coho
6,24-Jul,2016,1,coho
6,26-Jul,2016,409,coho
6,26-Jul,2016,1,coho
6,27-Jul,2016,540,coho
6,27-Jul,2016,1,coho
6,28-Jul,2016,254,coho
6,29-Jul,2016,1156,coho
6,29-Jul,2016,2,coho
6,30-Jul,2016,21,coho
6,1-Aug,2016,20,coho
6,1-Aug,2016,6003,coho
6,1-Aug,2016,1,coho
6,2-Aug,2016,65,coho
6,5-Aug,2016,4269,coho
6,6-Aug,2016,22,coho
6,8-Aug,2016,9108,coho
6,8-Aug,2016,2,coho
6,10-Aug,2016,98,coho
6,12-Aug,2016,4980,coho
6,12-Aug,2016,1,coho
6,15-Aug,2016,6071,coho
6,20-Aug,2016,7896,coho
6,23-Aug,2016,5931,coho
6,23-Aug,2016,28,coho
6,26-Aug,2016,4834,coho
6,26-Aug,2016,1,coho
6,29-Aug,2016,1822,coho
6,29-Aug,2016,10,coho
6,2-Sep,2016,471,coho
6,2-Sep,2016,3,coho
6,5-Sep,2016,663,coho
6,5-Sep,2016,37,coho
5,5-Jul,2017,2,coho
5,6-Jul,2017,3,coho
5,8-Jul,2017,2,coho
5,13-Jul,2017,3,coho
5,15-Jul,2017,4,coho
5,18-Jul,2017,99,coho
5,19-Jul,2017,49,coho
5,21-Jul,2017,38,coho
5,25-Jul,2017,73,coho
5,26-Jul,2017,588,coho
5,27-Jul,2017,464,coho
5,28-Jul,2017,71,coho
5,29-Jul,2017,729,coho
5,30-Jul,2017,553,coho
5,1-Aug,2017,2507,coho
5,4-Aug,2017,8956,coho
5,8-Aug,2017,4674,coho
5,9-Aug,2017,2248,coho
5,11-Aug,2017,3049,coho
5,13-Aug,2017,7345,coho
5,15-Aug,2017,6461,coho
5,19-Aug,2017,3202,coho
5,20-Aug,2017,1976,coho
5,22-Aug,2017,3347,coho
5,25-Aug,2017,1181,coho
5,31-Aug,2017,233,coho
5,1-Sep,2017,1806,coho
5,5-Sep,2017,327,coho
5,8-Sep,2017,239,coho
5,14-Sep,2017,70,coho
6,5-Jul,2017,1,coho
6,9-Jul,2017,1,coho
6,13-Jul,2017,5,coho
6,14-Jul,2017,5,coho
6,14-Jul,2017,1,coho
6,14-Jul,2017,1,coho
6,18-Jul,2017,161,coho
6,18-Jul,2017,1,coho
6,21-Jul,2017,99,coho
6,25-Jul,2017,2384,coho
6,28-Jul,2017,5266,coho
6,28-Jul,2017,1,coho
6,1-Aug,2017,6558,coho
6,4-Aug,2017,6136,coho
6,8-Aug,2017,10492,coho
6,8-Aug,2017,1,coho
6,11-Aug,2017,147,coho
6,11-Aug,2017,28,coho
6,11-Aug,2017,12101,coho
6,14-Aug,2017,5073,coho
6,15-Aug,2017,13920,coho
6,19-Aug,2017,8355,coho
6,21-Aug,2017,3713,coho
6,21-Aug,2017,3,coho
6,22-Aug,2017,9704,coho
6,25-Aug,2017,5630,coho
6,25-Aug,2017,1,coho
6,28-Aug,2017,1477,coho
6,28-Aug,2017,772,coho
6,30-Aug,2017,3333,coho
6,30-Aug,2017,1,coho
6,1-Sep,2017,8808,coho
6,1-Sep,2017,28,coho
6,5-Sep,2017,3505,coho
6,8-Sep,2017,2637,coho
6,8-Sep,2017,5,coho
6,11-Sep,2017,367,coho
6,12-Sep,2017,1104,coho
6,15-Sep,2017,47,coho
5,9-Jul,2018,4,coho
5,13-Jul,2018,21,coho
5,17-Jul,2018,1020,coho
5,21-Jul,2018,1451,coho
5,25-Jul,2018,3264,coho
5,28-Jul,2018,2516,coho
5,1-Aug,2018,5960,coho
5,4-Aug,2018,11464,coho
5,8-Aug,2018,15100,coho
5,13-Aug,2018,10457,coho
5,18-Aug,2018,5624,coho
5,21-Aug,2018,8029,coho
5,25-Aug,2018,2239,coho
5,28-Aug,2018,3169,coho
5,2-Sep,2018,742,coho
5,9-Sep,2018,408,coho
6,9-Jul,2018,4,coho
6,13-Jul,2018,85,coho
6,13-Jul,2018,1,coho
6,17-Jul,2018,2012,coho
6,17-Jul,2018,2,coho
6,21-Jul,2018,2100,coho
6,21-Jul,2018,4,coho
6,25-Jul,2018,5603,coho
6,28-Jul,2018,6481,coho
6,28-Jul,2018,3,coho
6,1-Aug,2018,11216,coho
6,4-Aug,2018,16726,coho
6,4-Aug,2018,6,coho
6,8-Aug,2018,26845,coho
6,8-Aug,2018,2,coho
6,13-Aug,2018,27234,coho
6,13-Aug,2018,12,coho
6,18-Aug,2018,13263,coho
6,21-Aug,2018,12824,coho
6,21-Aug,2018,4,coho
6,25-Aug,2018,7394,coho
6,28-Aug,2018,10583,coho
6,28-Aug,2018,36,coho
6,2-Sep,2018,11134,coho
6,2-Sep,2018,1,coho
6,9-Sep,2018,2074,coho
5,9-Jul,2019,4,coho
5,12-Jul,2019,44,coho
5,16-Jul,2019,34,coho
5,19-Jul,2019,1783,coho
5,26-Jul,2019,2046,coho
5,30-Jul,2019,2415,coho
5,2-Aug,2019,1152,coho
5,6-Aug,2019,3060,coho
5,9-Aug,2019,2716,coho
5,11-Aug,2019,415,coho
5,13-Aug,2019,698,coho
5,16-Aug,2019,5644,coho
5,18-Aug,2019,3054,coho
5,19-Aug,2019,924,coho
5,20-Aug,2019,6069,coho
5,23-Aug,2019,1618,coho
5,27-Aug,2019,1631,coho
5,30-Aug,2019,1145,coho
5,2-Sep,2019,482,coho
5,3-Sep,2019,14,coho
5,9-Sep,2019,433,coho
6,12-Jul,2019,18,coho
6,12-Jul,2019,1,coho
6,16-Jul,2019,66,coho
6,16-Jul,2019,1,coho
6,19-Jul,2019,2083,coho
6,19-Jul,2019,3,coho
6,26-Jul,2019,2588,coho
6,26-Jul,2019,3,coho
6,30-Jul,2019,5831,coho
6,30-Jul,2019,2,coho
6,2-Aug,2019,3090,coho
6,2-Aug,2019,1,coho
6,6-Aug,2019,7099,coho
6,6-Aug,2019,1,coho
6,9-Aug,2019,13396,coho
6,9-Aug,2019,4,coho
6,13-Aug,2019,9378,coho
6,13-Aug,2019,4,coho
6,16-Aug,2019,11662,coho
6,16-Aug,2019,5,coho
6,20-Aug,2019,9189,coho
6,23-Aug,2019,6415,coho
6,23-Aug,2019,6,coho
6,27-Aug,2019,5645,coho
6,27-Aug,2019,2,coho
6,30-Aug,2019,1656,coho
6,30-Aug,2019,1,coho
6,3-Sep,2019,3988,coho
6,9-Sep,2019,478,coho
6,9-Sep,2019,10,coho
5,9-Jul,2020,1,coho
5,15-Jul,2020,1,coho
5,16-Jul,2020,1,coho
5,25-Jul,2020,46,coho
5,1-Aug,2020,67,coho
5,1-Aug,2020,9,coho
5,8-Aug,2020,518,coho
5,15-Aug,2020,590,coho
5,28-Aug,2020,413,coho
6,25-Jul,2020,40,coho
6,1-Aug,2020,233,coho
6,8-Aug,2020,749,coho
6,8-Aug,2020,9,coho
6,15-Aug,2020,728,coho
6,28-Aug,2020,391,coho
6,28-Aug,2020,2,coho
5,16-Jul,2021,8,coho
5,18-Jul,2021,1,coho
5,21-Jul,2021,5,coho
5,22-Jul,2021,50,coho
5,23-Jul,2021,18,coho
5,25-Jul,2021,34,coho
5,25-Jul,2021,6,coho
5,1-Aug,2021,7,coho
5,2-Aug,2021,90,coho
5,3-Aug,2021,436,coho
5,8-Aug,2021,430,coho
5,8-Aug,2021,374,coho
5,17-Aug,2021,652,coho
5,26-Aug,2021,355,coho
5,1-Sep,2021,127,coho
6,16-Jul,2021,9,coho
6,16-Jul,2021,1,coho
6,19-Jul,2021,10,coho
6,19-Jul,2021,1,coho
6,23-Jul,2021,21,coho
6,26-Jul,2021,12,coho
6,30-Jul,2021,55,coho
6,1-Aug,2021,23,coho
6,1-Aug,2021,1,coho
6,2-Aug,2021,166,coho
6,3-Aug,2021,304,coho
6,3-Aug,2021,1,coho
6,8-Aug,2021,457,coho
6,8-Aug,2021,1,coho
6,17-Aug,2021,407,coho
6,17-Aug,2021,1,coho
6,26-Aug,2021,669,coho
6,1-Sep,2021,298,coho
6,1-Sep,2021,1,coho
